ProductionHouseID,ProductionHouseName
1,riche-ludwig productions
2,goldcrest films international
3,mongrel media
4,katira productions gmbh &amp; co. kg
5,hanfgarn &amp; ufer film und tv produktion
6,distant horizon
7,det danske filminstitutet [dk]
8,de milo
9,pts art&#39;s factory
10,das kleine fernsehspiel
11,automat pictures
12,beagle pug films
13,foundation features
14,daniel grodnik productions
15,comme des cinémas
16,wayfare entertainment
17,sveriges television
18,tenth planet productions
19,pfaff &amp; pfaff productions
20,société de développement des entreprises culturelles (sodec)
21,barrandov studio
22,zoetrope studios
23,mutant enemy
24,ponti
25,red hour films
26,zephyr films
27,bac films
28,spike co. ltd.
29,red wagon productions
30,ocean park entertainment
31,ocean films [es]
32,goldfinch studios
33,mmc movies
34,ce qui me meut motion pictures
35,animation picture company
36,longfellow pictures
37,icon entertainment international
38,n279 entertainment
39,assemblage entertainment
40,earth film productions
41,bedford falls productions
42,fortress features
43,off line entertainment group
44,air bud entertainment
45,h films
46,ellen m. krass productions
47,magnet releasing
48,sega corporation
49,woss group film productions
50,mk2 sa
51,pandora filmproduktion gmbh
52,douglas wick/lucy fisher
53,primo filmes
54,maipo film- og tv-produksjon as
55,red chillies entertainment
56,archstone pictures
57,feisty dame productions
58,indie dvd
59,ceskoslovenský státní film [cshh]
60,new legacy
61,kaap holland film
62,forge
63,wilco co. ltd.
64,grindstone entertainment group
65,madhouse productions
66,wildgaze films
67,jack &amp; henry prods./killer films
68,twopoundbag productions
69,film farms
70,matador film
71,beijing ruyi xinxin film investment
72,salado media
73,jack giarraputo productions
74,de line pictures
75,mattel playground productions
76,craven-maddalena films
77,dino de laurentiis productions
78,besiktas kültür merkezi (bkm)
79,zodiac pictures international ltd.
80,senator international
81,anarchos productions inc.
82,408 films
83,howard rosenman productions
84,5656 films
85,artisan entertainment
86,4 ever perfect productions inc.
87,bischoff hervey entertainment
88,radiant pictures
89,tordjman levy bros
90,cold iron pictures
91,sidney kimmel entertainment
92,shivhans pictures
93,shoebox films
94,forthcoming films
95,ariztical entertainment
96,team todd
97,into the woods
98,crave films
99,the film works
100,les films du camelia
101,stone village productions
102,block entertainment
103,viva entertainment
104,rko pictures
105,green hat films
106,lloyd levin
107,hwy 61 films
108,simpson street
109,filmteknik
110,blackout entertainment
111,autumn pictures
112,resort road productions
113,yleisradio
114,bazmark films
115,blue sun pictures
116,crystal sky
117,total helpart t.h.a.
118,di bonaventura pictures
119,good universe
120,nl film
121,krannel pictures
122,dos corazones films
123,imperia
124,les films de l&#39;etranger
125,reconstruction pictures
126,sparkefilms history design
127,2cfilm
128,shanghai bona cultural media
129,divide/conquer
130,mazel productions
131,diamond pictures
132,firewatch
133,vendian entertainment
134,see theater network
135,onda entertainment
136,film house germany
137,bos bros. film &amp; tv productions
138,type a films
139,taleswapper
140,handsomecharlie films
141,millstreet films
142,reposado producciones
143,mandalay vision
144,fuji television network
145,don murphy/tom desanto
146,nordisk film- &amp; tv-fond
147,ian bryce productions
148,parkhouse pictures
149,olga-film gmbh
150,jouror productions
151,kindred spirit
152,newmarket productions
153,screen gems
154,guber-peters company
155,deuce three prods.
156,universal/universal int
157,hannibal pictures
158,la cinéfacture
159,one race films
160,film afrika worldwide
161,yard entertainment
162,ufund
163,candescent films
164,dej productions
165,sara films
166,wild west picture show
167,jessamine productions
168,polygon pictures
169,sunrise
170,moby dick films
171,lifetime films
172,r.p. productions
173,yorktown productions
174,culture entertainment co.
175,hands-on producers
176,zhejiang golden globe picture co.
177,voo
178,gravier productions
179,wowow inc.
180,peter safran
181,la trini
182,ambience entertainment
183,point grey
184,comedy partners
185,sneak preview entertainment
186,pratt films
187,cranium entertainment
188,delirio films
189,kodansha ltd.
190,augusta films
191,sheen productions inc.
192,dezenove som e imagem
193,valhalla motion pictures
194,video audio project
195,the chimney pot
196,studio babelsberg
197,51k
198,l.a. reid media
199,uno films
200,low spark films
201,pandora cinema
202,house of spirits film
203,skydance productions
204,chris meledandri
205,rocket pictures
206,dmc film
207,catalyst global media
208,belga productions
209,film i väst
210,vineyard point productions
211,origin pictures
212,welle entertainment
213,sony pictures classics
214,qc entertainment
215,manga films
216,rsvp production
217,imohotep productions
218,pritish nandy communications
219,seven pictures
220,filmkompaniet
221,namibia film commission
222,see-saw films
223,fortunafilm
224,top drawer entertainment
225,houston lady productions
226,sikhya entertainment
227,red envelope entertainment
228,cider mill pictures
229,bedlam pictures
230,code red
231,living films
232,westdeutscher rundfunk
233,house productions
234,mars films
235,jinks/cohen company
236,prodigal film &amp; tv
237,autumn bailey entertainment
238,spring pictures
239,morgan creek entertainment
240,huayi brothers media group
241,film i skåne
242,maple island films
243,amuse
244,codeblack films
245,break thru films
246,madants
247,elevated films
248,euro international film (eia) s.p.a.
249,strohberry films
250,chestermead
251,ecosse films
252,zide-perry productions
253,moviola film och television ab
254,angel films a/s
255,9.14 pictures
256,empire film &amp; entertainment group
257,grade a entertainment
258,jorva entertainment productions
259,chunqiu time co.
260,d8
261,rhode island avenue
262,shiny penny productions
263,spy kids 4 spv
264,anime network
265,roxy films (germany)
266,first light production
267,the medina company
268,weed road
269,o entertainment
270,les productions artistes associés
271,uni etoile 4
272,ego film arts
273,handle productions
274,imj entertainment
275,rastar pictures
276,film und medien stiftung nrw
277,motion investment group
278,tailored films
279,coram deo studios
280,identity films
281,overbrook entertainment
282,brad grey productions
283,p.p.s. films
284,american movie classics
285,tmc
286,tokuma shoten
287,vertical media
288,fu works
289,mandalay pictures
290,dos
291,caviar
292,allspark pictures
293,grey water park productions
294,p&#39;artisan filmproduktion gmbh [de]
295,bad badger
296,dcm productions
297,vico films
298,soojak films
299,bokomotiv freddy olsson filmproduktion
300,xyz films
301,the kushner-locke company
302,forest whitaker&#39;s significant productions
303,benattar/thomas productions
304,decubellis films
305,rose pictures
306,yunnan film group
307,cinereach
308,gravity pictures
309,sunrise vap
310,core prods. inc.
311,versatil cinema
312,paramount famous productions
313,denver and delilah productions
314,cruel and unusual films
315,ocean blue entertainment
316,chartoff winkler
317,karz entertainment
318,pvpictures
319,cristaldi film
320,skyline entertainment
321,nancy tenenbaum productions
322,unknown
323,american internat&#39;l pics
324,propaganda films
325,bnjarmor
326,american cinema productions
327,cartoon saloon
328,dasym enetertainment
329,weyunaegang productions
330,memfis film &amp; television [se]
331,film produkcja
332,cubevision
333,thirrupathi brothers film media pvt. ltd
334,edward r. pressman film corp.
335,universal entertainment
336,paul hall
337,rickshaw filmworks
338,qwerty films
339,square enix
340,cg cinéma
341,tigerlily films
342,tps company
343,torridon films
344,zhao wei films
345,stick figure productions
346,company films
347,union générale cinématographique (ugc)
348,nostromo pictures
349,mad chance
350,tmc ventes international
351,m6 films production
352,next entertainment inc.
353,les films séville
354,zanuck company
355,beijing shengshi huarei film investment &amp; management co.
356,rich animation studios
357,deep blue pictures
358,shochiku
359,figment films
360,8180 films
361,panay films
362,everyman pictures
363,nikkatsu corporation
364,asghar farhadi
365,reality entertainment
366,cloud atlas production
367,the bubble factory
368,seagal/nasso productions
369,sony pictures releasing international
370,noel gay motion picture company
371,artbox
372,kinology
373,cyprus avenue films
374,tai entertainment
375,goldmann pictures
376,raslan company of america
377,sandollar productions
378,jeff rice films
379,friday x productions
380,liberator productions
381,katalyst films
382,tre vänner produktion ab
383,informant media
384,horror films
385,requiem for a dream llc
386,eketahuna llc
387,zentropa entertainments
388,rastar films
389,yrf entertainment
390,degeto film
391,carolco pictures inc.
392,johan nijenhuis &amp; co
393,hedgehog films
394,radar films
395,magnolia project
396,nordisk film
397,les films du lendemain
398,wyolah films
399,scanbox entertainment
400,innisfree pictures
401,czech tv
402,solar productions
403,win&#39;s film productions
404,quebec film and television tax credit
405,underground films
406,contrafilm
407,nine yards productions llc
408,boxspring entertainment
409,mmc independent
410,green light productions
411,les films velvet
412,nala films
413,emperor multimedia group (emg) [hk]
414,lightning entertainment
415,rob reiner/alan greisman
416,cannon films
417,warner bros. animation
418,emjag
419,bandeira entertainment
420,darlow smithson productions
421,egoli tossell films
422,office fédéral de la culture
423,cutting edge entertainment
424,quadrant pictures
425,xlrator media
426,zingshot productions
427,mark canton/gianna nunnari
428,stx entertainment
429,brandywine productions
430,indiana production company
431,weinstock productions
432,geißendörfer film- und fernsehproduktion
433,canal sur televisión s.a.
434,drishyam films
435,liveplanet
436,imprint entertainment
437,radio télévision belge francophone
438,met film
439,haven entertainment
440,further films
441,roas produzioni
442,transcendental pictures
443,dark arts
444,mdh
445,4 mecs à lunettes production
446,conor mcgregor sports &amp; entertainment
447,sacem
448,kingsgate films
449,jerico
450,orange pictures gmbh &amp; co. kg
451,noelle entertainment limited
452,delaurentiis productions
453,eyeworks film &amp; tv drama
454,nitro circus media productions
455,studio soho films
456,mandalay entertainment
457,relativity studios
458,apex entertainment
459,shirley road productions
460,dongchuan international media
461,soprofilms [fr]
462,gaga
463,saga film
464,22nd &amp; indiana
465,après le déluge
466,mediacorp raintree pictures
467,1492 pictures
468,ard degeto film
469,st paul film
470,code of honor
471,blue-tongue films
472,climax films
473,2.0 entertainment
474,marvista entertainment
475,metro communications
476,envision media arts
477,warner bros. pictures international
478,hi-rez films
479,bay films
480,michael london productions
481,compagnia cinematografica champion
482,section eight ltd.
483,big pictures
484,cinema city &amp; films co.
485,active entertainment
486,fourboys entertainment
487,mobius entertainment
488,perdido productions
489,paramount
490,pathé productions inc.
491,allegiance theater
492,nicki slimting films
493,millar gough ink
494,österreichischer rundfunk (orf) [at]
495,kendrick brothers
496,zenhq films
497,trans-radial pictures
498,c.r.r.a.v. nord pas de calais
499,teamworx television &amp; film gmbh
500,cinepolis producciones
501,darren star
502,polaris productions
503,the five star institute
504,leo films
505,jerry media
506,sutor kolonko
507,eh-okay productions
508,ninjas runnin&#39; wild productions
509,mod producciones
510,filmgate
511,leone film
512,well go usa
513,ten films
514,iconoclast
515,dcg plus
516,movie one entertainment
517,brookstreet pictures
518,playtone productions
519,little bird
520,afterworks limited
521,armory films
522,canton company
523,tadross media group
524,rocklin/faust
525,conspiracy factory
526,new regency
527,nippon television network
528,alphacore
529,black dynamite films
530,gordon company
531,1 billion strong network
532,apipoulaï
533,topple productions
534,studio colorido co.
535,sunday night
536,vortex
537,xflag
538,nebula star
539,entertainment 360
540,aja/levasseur
541,screen media ventures
542,entertainment motion pictures (e-motion)
543,rizoma films
544,wild things
545,apaches films
546,bregman/baer productions
547,marvel studios
548,boss media
549,cbs films
550,apaches entertainment
551,jesse films inc.
552,ngn productions
553,embargo films
554,dragonfly
555,pathé-renn productions s.a.s.
556,primary wave entertainment
557,dna films
558,walt disney studios
559,starmaps productions
560,american broadcasting company (abc)
561,trimark
562,hub ho hin films
563,hulu
564,cinematography committee apf
565,cinémage 2
566,granada film productions
567,imf
568,public record
569,monumental pictures
570,mascot pictures corporation
571,enlight pictures
572,m6 films
573,parkside pictures
574,davis entertainment
575,fangoria films
576,emu films
577,another park film
578,viacom 18 motion pictures
579,decia films
580,shibata organisation inc. [jp]
581,mint pictures
582,tandem films
583,terra incognita films
584,région haute-normandie
585,pariah films
586,loki films
587,belgacom
588,tripod media
589,téléma
590,corvus corax
591,ace pictures entertainment
592,a. film
593,appian way
594,nordisk film production [dk]
595,senator film produktion
596,blueprint pictures
597,fruitmarket kultur und medien
598,chartoff-winkler productions
599,kargo production
600,dreamworks animation
601,on the corner films limited
602,east reel films
603,film
604,ld entertainment
605,falcon
606,mestiere cinema
607,moxie pictures
608,eone entertainment distribution
609,baby cow productions
610,nightwatch productions
611,subterranean productions llc
612,120db films
613,pathé pictures
614,magna entertainment
615,radiant productions
616,triumph films
617,paulilu productions
618,alebrije cine y video
619,riley turner productions
620,poison chef
621,ml delphi premier productions
622,titan productions
623,enelmar productions
624,american entertainment
625,cofinova 7
626,genre company
627,holleran company
628,lotus productions
629,cinetel films
630,inc.
631,view askew productions
632,rajshri productions
633,indigo film
634,casa kafka pictures
635,pegasus motion pictures
636,black and blu entertainment
637,anthem productions
638,bill/phillips
639,star cinema
640,united china vision
641,british film institute
642,medusa film
643,august films
644,bud yorkin productions
645,emperor motion pictures (international)
646,film kraft
647,samosa stories
648,koan films
649,mediastram film
650,indochina productions
651,craven/cunningham/maddalena
652,angoa-agicoa
653,grand slam productions
654,media pro six
655,burro productions
656,gulfstream pictures
657,redrum
658,produzioni europee associati
659,shukovsky english
660,notorious films
661,taylor &amp; dodge
662,lynn peak productions
663,werner herzog filmproduktion
664,ulrich seidl film produktion gmbh
665,kate street picture company
666,casey silver productions
667,phantom 4 films
668,blink wink
669,a-1 pictures
670,colgems productions limited
671,plantain films
672,untravelled worlds
673,spad films
674,nuyorican productions
675,ia films
676,odd lot entertainment
677,cine-source
678,kaleidoscope pictures
679,capella films
680,moviehouse entertainment
681,slough pond
682,deep blue pacific
683,create entertainment
684,harold hecht productions
685,winkler films
686,spyglass entertainment
687,motion picture capital
688,together films
689,samson films
690,rat pack filmproduktion
691,image entertainment
692,odra film
693,alef film &amp; media group
694,defender films
695,custom productions
696,cine plus
697,the vladar company
698,sierra pictures
699,southern light alliance
700,booster project
701,nagoya broadcasting network (nbn)
702,sciapode
703,ciné+
704,shintoho company
705,quadra entertainment
706,flèche productions
707,erfttal film
708,lion rock films
709,zenith productions
710,radio télévision suisse romande
711,attic light films
712,gambit
713,buffalo 8
714,dhx media
715,hemdale film corporation [us]
716,filmnation
717,andell entertainment
718,lovefilm international
719,pixion studio
720,castelao producciones s.a.
721,jigsaw prods.
722,brooksfilms
723,meespierson film cv
724,advantage entertainment
725,film 4
726,siren pictures
727,paramount vantage
728,lightstorm entertainment
729,film väst
730,aquarius films
731,krautpack entertainment
732,initiate productions
733,number 9 films
734,nba entertainment
735,stranger than fiction
736,grey matter
737,hopscotch features
738,independent edge films
739,sunny sounds
740,dippermouth
741,rvk studios
742,millenium pictures
743,film funding ltd. of canada
744,octagon films
745,valparaiso pictures
746,eldorado film
747,school pictures
748,elemental films
749,good deed entertainment
750,arte
751,the solution entertainment group
752,conan properties intl.
753,pierrot
754,marv films
755,hollywood gang
756,the picture company
757,excellent film
758,nu boyana
759,mollywood
760,sikelia productions
761,fox star studios
762,cheyenne enterprises
763,inflammable films
764,reach media tv
765,ankle sock &amp; baseball pants
766,escobar films
767,kriarj entertainment
768,zaltman film
769,horsepower films
770,forensic films
771,spychimp productions
772,wild at art
773,premonition pictures
774,fine &amp; mellow
775,documentary group
776,kurtzman/orci
777,steve tisch company
778,gracie films
779,lagniappe media
780,motlys
781,capcom
782,oshima productions
783,yashraj productions
784,perry
785,a plus image 2
786,republic
787,bord cadre films
788,le tax shelter du gouvernement fédéral de belgique
789,touchy feely films
790,darius films
791,3pas studios
792,toothless pictures
793,hard working movies
794,rhône-alpes cinéma
795,linor documentary
796,fried films
797,premiere picture
798,gilbert films
799,cre film
800,mermaid films
801,funny or die
802,intertitle films
803,canal+
804,sofica manon 2
805,groundswell productions
806,boy of the year
807,tokyo broadcasting system (tbs)
808,bobker/kruger films
809,quick draw
810,harbor picture company
811,hit entertainment
812,wanda pictures
813,polygon entertainment
814,gold/miller productions
815,thura film a/s
816,picrow
817,lorimar film entertainment
818,otmoor productions limited
819,via digital
820,lbi productions
821,cloudy
822,practical pictures
823,skyline films
824,keyfilm
825,silver screen pictures
826,2entertain
827,terz film
828,lucas &amp; moore
829,barking cow media group
830,after dark films
831,jonathan schwartz/andrea sperling
832,zanuck independent
833,nickelodeon
834,two weeks
835,atresmedia cine
836,gateway films
837,burk a project
838,pergamon film
839,new visions pictures
840,keystone pictures
841,big talk
842,bandito brothers
843,plan b entertainment
844,defynite films
845,r2 films
846,omega project
847,mantar film
848,rk films
849,artsploitation films
850,kinoproduction
851,cool industrie
852,brownstone productions
853,bavariapool international coproductions
854,stoller global solutions
855,clear pictures entertainment
856,filmpool nord
857,3dtk
858,australian broadcasting corp
859,skyfilm studio ltd.
860,dream venture capital
861,centre du cinéma et de l&#39;audiovisuel de la fédération wallonie-bruxelles
862,wcg entertainment productions
863,zdf
864,union investment partners
865,neue constantin film
866,treehouse films
867,shogakukan
868,zebra
869,tomorrow films
870,simon fields productions
871,front street pictures
872,sony pictures home entertainment
873,42film
874,y production
875,bandai
876,ifc films
877,87eleven
878,amuse animation
879,focus world
880,région auvergne
881,new artists alliance
882,mtv networks
883,famous players
884,sogécinéma 2
885,taft entertainment
886,triple horse studios
887,sat.1
888,xilam animation
889,1428 films
890,la compagnie cinématographique
891,producer capital fund
892,talisman films
893,indie crush
894,atomic entertainment
895,himenóptero
896,stephen woolley
897,gregory jacobs
898,blind wink
899,rink rat productions
900,public square films
901,armor entertainment
902,m6
903,daybreak pictures
904,double a films
905,vigilante film partners
906,process
907,bayerischer rundfunk
908,guru animation studio
909,lbi entertainment
910,bagdasarian company
911,anchor bay films
912,midwestern films
913,arka mediaworks
914,quad productions
915,vice studios
916,york square productions
917,baby way
918,media x international
919,kaos theory entertainment
920,lawrence gordon productions
921,just friends productions inc.
922,cinesurya pictures
923,hitrecord films
924,centre national de la cinematographie
925,columbia
926,gonzo
927,aircraft pictures
928,funimation entertainment
929,atomic monster
930,vpro television
931,kings road entertainment
932,tall trees productions
933,new regency pictures
934,highwayman films
935,metronome productions
936,sp
937,diversion pictures
938,senator entertainment
939,show east
940,sb projects
941,lightbox pictures
942,parkway productions
943,double dare you
944,live nation productions
945,voltage pictures
946,artemis rising films
947,reperage
948,sunstar entertainment
949,indy entertainment
950,the mirabai films
951,the bully project
952,thruline entertainment
953,rhea films
954,ivory way productions
955,bavaria filmverleih und produktions gmbh
956,m prods
957,site
958,rastar productions
959,lucernam films
960,busca vida filmes
961,brian witten pictures
962,modest! management
963,viacom18 motion pictures
964,les productions du trésor
965,crystal sky entertainment
966,belstone pictures
967,china film co-production corporation
968,lawrence bender productions
969,avrotros
970,lord miller
971,région nord-pas-de-calais
972,filmsmith production &amp; management
973,shueisha
974,shuman co.
975,woestijnvis
976,star max
977,cruel and unusual
978,the combine
979,parco film
980,pow! productions
981,banque postale image 4
982,industry pictures inc.
983,mwm
984,muskat filmed properties
985,rockworld
986,nook lane entertainment
987,walt disney pictures
988,monkeypaw productions
989,ombra films
990,malek akkad
991,incentive filmed entertainment
992,event film distribution
993,atlas films
994,marvel animation
995,endurance media
996,royal viking entertainment
997,envision entertainment
998,giant films
999,media pro entertainment
1000,smart entertainment
1001,kinberg genre
1002,topkapi films
1003,art linson productions
1004,a-company filmproduktion
1005,notorious pictures
1006,misher films
1007,goldwyn films
1008,televisa s.a. de c.v.
1009,splendid pictures
1010,alvy productions
1011,blue creek pictures
1012,june pictures
1013,six mile hill productions
1014,potemkino
1015,black bear pictures
1016,trilight entertainment
1017,national film development of india
1018,zhang yimou studio
1019,david l. wolper productions
1020,pariah entertainment group
1021,cinémage 7
1022,home box office (hbo)
1023,ocean pictures
1024,provocator
1025,milky way image
1026,cine1 studios
1027,exclusive films
1028,horizon films
1029,feigco entertainment
1030,palette pictures
1031,galavis film
1032,spikings entertainment
1033,fidélité productions
1034,dr. t inc.
1035,bullet films
1036,zed filmworks
1037,roxy films
1038,erftal film
1039,i remember productions
1040,tigerlily pictures llc
1041,kinonation
1042,gold circle films
1043,michael mann productions
1044,davis films
1045,animationsfabrik
1046,canal+ polska
1047,hammer films
1048,crime scene pictures
1049,periscope entertainment
1050,easy company
1051,harvest filmworks
1052,signature entertainment
1053,julijette
1054,grand showbiz media &amp; entertainment
1055,petri entertainment
1056,bill block media
1057,yomiuri telecasting corporation
1058,extension 765
1059,orion pictures
1060,rothkirch cartoon film
1061,duly noted inc.
1062,birnbaum/barber
1063,fairview entertainment
1064,mirage enterprises
1065,quinta communications
1066,talent international media
1067,conundrum entertainment
1068,foxtail entertainment
1069,icarus films
1070,scott free productions
1071,initial entertainment group
1072,springroll entertainment
1073,the malpaso company
1074,viz media
1075,closest to the hole
1076,showbox/mediaplex
1077,telegael
1078,jd prod
1079,mas films
1080,usa films
1081,amblin entertainment
1082,vandertastic films
1083,mikros image
1084,bbc films
1085,seine pictures
1086,world of wonder
1087,ishana movies
1088,lancom entertainment
1089,pranakorn films
1090,les films du carrosse
1091,aramid entertainment fund
1092,silver lining entertainment
1093,apatow company
1094,benaroya pictures
1095,ramaco media 1
1096,gizmo films
1097,jc group international
1098,120 films
1099,odeon films
1100,alibaba pictures group
1101,cinema vehicle services
1102,smoking gun productions
1103,ripple world pictures
1104,cuatro plus films
1105,fobic films
1106,rai fiction
1107,raindog films
1108,transfilm
1109,crest animation productions
1110,herrick entertainment
1111,black sheep
1112,fox searchlight
1113,worldwide entertainment group
1114,square peg
1115,starcrossed films
1116,netflix documentary
1117,eddie murphy productions
1118,tristar pictures
1119,bbc
1120,infinitum nihil
1121,sjc studios
1122,telefónica producciones s.l.u.
1123,matt tolmach
1124,touchstone pictures
1125,colorado film
1126,asymmetrical productions
1127,golden harvest
1128,beijing dragon garden culture &amp; art
1129,amuse films
1130,filmové studio gottwaldov [cshh]
1131,seven bucks productions
1132,kn filmcompany
1133,china film group corp.
1134,superlative films
1135,beatnik films
1136,thefyzz
1137,c-span
1138,gibraltar entertainment and production llc
1139,brian grazer
1140,detention films
1141,artikulo uno productions
1142,tv tokyo
1143,warner animation group
1144,bullet pictures
1145,lionsgate films
1146,nickelodeon studios
1147,alcon entertainment
1148,nu image / millennium films
1149,fondazione solares suisse
1150,park pictures
1151,sanzigen animation studio
1152,jacmac films
1153,circus king
1154,highway 61
1155,chata pictures
1156,secret hideout
1157,global genesis group
1158,palomar pictures
1159,glass eye pix
1160,saban brands
1161,wind dancer productions
1162,omega micott inc
1163,john gatins
1164,kansai television co. ltd.
1165,prip productions
1166,paul lister
1167,eclectic pictures
1168,red 56
1169,cinequanon
1170,adscott pictures
1171,sofica europacorp
1172,orly films
1173,sogecine
1174,excel entertainment
1175,vertigo
1176,juliette films
1177,pikachu project &#39;99
1178,shaolin temple culture communication
1179,wayans alvarez productions
1180,company x
1181,natant
1182,danmarks radio
1183,experimental forest films
1184,pimienta films
1185,locomotive
1186,marc platt productions
1187,creative wealth media finance
1188,scott stuber
1189,mr. mudd
1190,kennedy miller productions
1191,fourth floor productions
1192,bristol automotive
1193,ben-ami/leeds productions
1194,comet film
1195,trans-cinema tv
1196,children&#39;s television workshop (ctw)
1197,sixteen films
1198,aspen film society
1199,la banque postale image 7
1200,newman/tooley films
1201,pride of gypsies
1202,emmett/furla/oasis films
1203,athos films
1204,moho film
1205,studiocanal film
1206,shanghai film group
1207,rinkel film
1208,miramax films
1209,thelma films
1210,troika pictures
1211,atmosphere entertainment mm llc
1212,revolution
1213,paradis film
1214,barnholtz entertainment
1215,cherokee productions
1216,free association
1217,kyta productions
1218,raimi productions
1219,bernie goldmann
1220,star cinemas
1221,cyan films
1222,blade runner partnership
1223,maverick films
1224,basic pictures
1225,buena vista (walt disney)
1226,ilshin investment co.
1227,france 2 cinéma
1228,rainmaker entertainment
1229,visualizer film productions ltd.
1230,topsail entertainment
1231,waverly films
1232,jadran film
1233,purplegeko productions
1234,haxan films
1235,paper bark films
1236,magnolia pictures
1237,allied filmmakers
1238,color force
1239,syco entertainment
1240,conglomerate media
1241,detailfilm
1242,b.d.s. productions inc
1243,dodgeville films
1244,prana studios
1245,punch productions
1246,buena vista pictures
1247,wheelhouse
1248,blind spot pictures oy
1249,code entertainment
1250,nu image
1251,duplass brothers
1252,fort garry films
1253,arenamedia
1254,forward films
1255,doubleyou inc.
1256,pearl street films
1257,no ficción
1258,right hand man films
1259,radical studios
1260,konrad pictures
1261,freemantle
1262,bank street films
1263,little shark entertainment gmbh
1264,fuji television network inc.
1265,beijing silver moon productions
1266,uni étoile 8
1267,deacon entertainment
1268,kataskop film
1269,claussen &amp; putz filmproduktion
1270,zucker productions
1271,iron horse entertainment
1272,lightstream entertainment
1273,beverly detroit
1274,les films du 24
1275,sra productions
1276,pure flix entertainment
1277,preferred content
1278,point grey pictures inc.
1279,mockingbird pictures
1280,picture shuru entertainment
1281,solofilms
1282,katapult film
1283,guy walks into a bar productions
1284,hurwitz &amp; schlossberg productions
1285,grosvenor park productions
1286,black label media
1287,los angeles media fund
1288,little engine productions
1289,k&amp;j entertainment
1290,ddp studios
1291,lydiard films
1292,sprockefeller pictures
1293,reveal entertainment
1294,darkwoods productions
1295,mili pictures
1296,birchwood pictures
1297,wonderful films
1298,141 entertainment
1299,claussen &amp; wöbke film production
1300,golan-globus
1301,lightworkers media
1302,apartment story
1303,fundacja
1304,native pictures pro.
1305,perfect weekend
1306,svenska biografteatern ab [se]
1307,madhouse entertainment
1308,rachel gardner films
1309,rainforest productions
1310,madriver pictures
1311,riza aziz
1312,film victoria
1313,fridthjof film
1314,junglee pictures
1315,celebrated productions
1316,kopelson entertainment
1317,imaginary forces
1318,mfp
1319,ulysses filmproduktion
1320,piki films
1321,bow and arrow entertainment
1322,telepool
1323,american zoetrope
1324,universal studios home entertainment
1325,crystal sky communications
1326,verdeoro
1327,deutsche columbia pictures film prod.
1328,south fellini
1329,bona fide productions
1330,animal kingdom
1331,dream genie pictures
1332,new amsterdam film company
1333,gama entertainment
1334,triggerfish animation
1335,gg filmz
1336,work after midnight films
1337,el norte productions
1338,on animation studios
1339,creado film
1340,punch media
1341,mark production
1342,frakas productions
1343,sean daniel company
1344,united productions
1345,the mark gordon company
1346,andrew sugerman
1347,broken lizard productions
1348,golden scene company limited
1349,mann made films
1350,gloria sanchez productions
1351,blue train productions
1352,two 4 the money media
1353,jon peters/bill gerber/joint effort production
1354,rtbf
1355,david brown productions
1356,dana lustig productions
1357,chartoff productions
1358,reachfar films
1359,mosaic
1360,trinity entertainment
1361,canal+ españa
1362,bloomgarden films
1363,hq marquee #1 productions
1364,légende films
1365,harpo films
1366,felicia film
1367,célestes images
1368,panda
1369,phantom films
1370,isle of man film
1371,castel film studio
1372,filmstudio
1373,august entertainment
1374,virtual studios
1375,balaji motion pictures
1376,nicholas sparks productions
1377,entre chien et loup
1378,as is productions
1379,channel one russia
1380,oxwich media
1381,natixis coficiné
1382,42
1383,10 west studios
1384,blackbird productions
1385,spiro films
1386,bazelevs production
1387,stn-film
1388,prospero pictures
1389,samuel goldwyn company
1390,general film distributors
1391,mxn entertainment
1392,lw production
1393,sumatra films
1394,face productions
1395,borderline films
1396,peacock film ag
1397,centre national de la cinématographie (cnc)
1398,clap board production
1399,lila production
1400,paris film productions
1401,amazing
1402,think big productions
1403,revelator productions
1404,ska films
1405,fable pictures
1406,kamoli films
1407,fabrique d&#39;images
1408,carpe diem films
1409,fugitive films
1410,komixx entertainment
1411,yale productions
1412,nijenhuis &amp; de levita film &amp; tv b.v
1413,brillstein entertainment partners
1414,lucamar
1415,stanley kubrick productions
1416,emerging pictures
1417,dog eat dog productions
1418,eon productions ltd.
1419,cathay organization
1420,constantin film international
1421,diamond docs
1422,skipstone pictures
1423,andrew lauren productions
1424,menuet producties
1425,virgin lands animated pictures
1426,sumitomo corporation
1427,vertigo films
1428,capella international
1429,warner independent pictures
1430,wdr
1431,shaft productions ltd.
1432,antidote films
1433,greenestreet films inc.
1434,sony pictures networks
1435,compound b
1436,bad robot
1437,piste rouge
1438,tremolo productions
1439,emu creek pictures
1440,21st century film corp.
1441,yash raj films
1442,i&#39;ll be you productions
1443,mirisch company
1444,lynch siderow productions inc.
1445,little stranger inc.
1446,jack rollins and charles joffe
1447,compulsion inc.
1448,france 2 (fr2)
1449,muse entertainment enterprises
1450,lansdown films
1451,the penguin empire
1452,red bull media house
1453,saga
1454,pastel
1455,radar pictures
1456,apple corps
1457,allen hughes
1458,saban films
1459,arthur sarkissian productions
1460,nickelodeon movies
1461,temple hill entertainment
1462,blue rider pictures
1463,boz productions
1464,sahamongkolfilm co. ltd.
1465,frontline
1466,film production agency
1467,why not productions
1468,disarming films
1469,castle rock entertainment
1470,shochiku films
1471,item 7
1472,program pictures
1473,mayor entertainment
1474,giant pictures
1475,dino de laurentiis cinematografica
1476,open road
1477,gettin&#39; rad
1478,pioneer pictures
1479,bullwinkle studios
1480,wildwood enterprises
1481,toledo productions
1482,nick wechsler
1483,cailleach productions
1484,pathé entertainment
1485,big beach
1486,nut bucket films
1487,all rise films
1488,mad hatter entertainment
1489,principato-young entertainment
1490,protagonist pictures
1491,rialto film
1492,pictanovo
1493,moritz borman
1494,film 360
1495,gary sanchez productions
1496,walt disney animation
1497,parabolic pictures
1498,keep your head
1499,lion rock productions
1500,sterobcar productions
1501,s.j. gibson films
1502,imagi animation studios
1503,screen ireland
1504,camasirhane
1505,beta cinema
1506,serendipity point films
1507,alpha group
1508,sunswept entertainment
1509,off the dock
1510,dos dudes pictures
1511,france 3 (fr 3)
1512,white rock lake productions
1513,shogakukan-shueisha productions
1514,harbinger pictures
1515,bee holder productions
1516,generation iron fitness network
1517,shochiku co. ltd.
1518,making film
1519,tsuburaya productions
1520,macari/edelstein
1521,astor pictures corporation
1522,universal pictures
1523,phantom four
1524,arte france cinéma
1525,mdp worldwide
1526,shah/jensen
1527,rumble entertainment
1528,debra martin chase
1529,ar films
1530,mtl maxfilm
1531,jerry weintraub productions
1532,alliance media partners
1533,oren peli
1534,ghost house pictures
1535,relativity media
1536,slightly distorted productions
1537,big indie pictures
1538,larger than life
1539,newgrange pictures
1540,high octane pictures
1541,toho company
1542,tig productions
1543,inwood road films
1544,highroad
1545,criterion collection
1546,ascension media
1547,the harvey boys
1548,charles chaplin productions
1549,be gentlemen limited partnership
1550,infilm productions
1551,starstream entertainment
1552,claudeismydog
1553,hutch parker entertainment
1554,fortis films
1555,american empirical pictures
1556,final cut for real
1557,foxfield entertainment
1558,movie plus
1559,inedit films
1560,warner bros.
1561,montford murphy
1562,blue streak films
1563,price entertainment
1564,universal international pictures
1565,our time projects
1566,goldmine productions
1567,shaw brothers
1568,broadview.tv gmbh
1569,breakthrough entertainment
1570,sony pictures animation
1571,zehnte babelsberg
1572,filmwave
1573,sidestreet entertainment
1574,winter&#39;s bone prods.
1575,sbs productions
1576,sirius pictures international
1577,greenlit productions
1578,hideaway pictures
1579,xi&#39;an film studio
1580,arcadia motion pictures
1581,outsider productions
1582,lightfuse &amp; gettaway
1583,artina films
1584,steen herdel filmproduktion
1585,chubbco film co.
1586,01 distribution
1587,bluegrass films
1588,alan landsburg productions
1589,mobra films
1590,the detective agency
1591,lyrick
1592,lobell/bergman productions
1593,mandarin motion pictures
1594,alive films
1595,cinema public
1596,les films du losange
1597,ugc distribution
1598,baumgarten
1599,rogue marble
1600,two ton films
1601,mei ah films production co. ltd.
1602,cinergi pictures entertainment
1603,argos films
1604,transition studios
1605,leverage
1606,carousel picture company
1607,terror inc.
1608,zucker brothers productions
1609,wing and a prayer pictures
1610,tadmor
1611,paradox studios
1612,olympus pictures
1613,hunting lane films
1614,italian international film
1615,apatow productions
1616,night and day pictures
1617,donners&#39; company
1618,michael de luca
1619,cloud eight
1620,blinder films
1621,innowave limited
1622,erebus pictures
1623,handwritten films
1624,radical media
1625,spier films
1626,slap happy productions
1627,solomon/hackett productions
1628,costa do castelo filmes
1629,sony pictures entertainment
1630,lieblingsfilm gmbh - münchen
1631,inferno distribution
1632,bfi production
1633,wildbear entertainment
1634,eyeworks sweden
1635,falcon films
1636,emblematic pictures
1637,the steve jaggi company
1638,high
1639,weintraub entertainment group
1640,hirsch productions
1641,iron ocean films
1642,imperative entertainment
1643,2dux2
1644,baby mugs films
1645,stage 5 films
1646,porchlight films
1647,film fireworks production
1648,imagica corp.
1649,vanishing angle
1650,sandbar pictures
1651,scope invest
1652,handmade films in norwegian woods as
1653,yoodlee films
1654,this is that productions
1655,lionsgate
1656,cruise-wagner productions
1657,paws inc.
1658,night &amp; day pictures
1659,fido features
1660,beaglepug
1661,thunder road productions
1662,wish x movie
1663,cinémage 6
1664,nvizible
1665,studiocanal
1666,scholastic entertainment inc.
1667,rlj entertainment
1668,dentsu
1669,filmart kft
1670,alcor films
1671,rapid heart pictures llc
1672,rising phoenix casting
1673,darkfibre entertainment ltd.
1674,out of the blue... entertainment
1675,simba entertainment
1676,lewis pictures
1677,current entertainment
1678,equipment &amp; film design
1679,ansgar media
1680,platinum studios
1681,lailaps pictures
1682,tornasol films s.a.
1683,11 marzo film
1684,vega investments
1685,cine qua non films
1686,cerito films
1687,digital ignition entertainment
1688,maeday productions
1689,pokeprod
1690,scooter braun films
1691,svensk filmindustri (sf) ab
1692,lava bear films
1693,callahan filmworks
1694,coup d&#39;etat films
1695,eskwad
1696,pandemonium
1697,violator films
1698,per holst filmproduktion
1699,entertainment manufacturing co.
1700,bevan-fellner
1701,abominable pictures
1702,blue sky studios
1703,roger birnbaum productions
1704,emmett/furla films
1705,pascal pictures
1706,also known as pictures
1707,ultra
1708,the fyzz facility
1709,vinyl films
1710,redwave films
1711,blacklab entertainment
1712,gotham group
1713,artists entertainment complex
1714,larkhark films limited
1715,tokai tv
1716,run rabbit run media
1717,lucky bird pictures
1718,threepoint capital
1719,o2b films
1720,huayi brothers pictures
1721,new vision films
1722,brain power studio
1723,the jim henson company
1724,surefire entertainment capital
1725,sixteen tons productions
1726,ran entertainment
1727,emi films ltd.
1728,spring films
1729,press on features
1730,30west
1731,working title
1732,tempo productions limited
1733,rock island films
1734,lantia cinema
1735,les productions rené goscinny
1736,electric dynamite
1737,vaca films
1738,dolphin films
1739,norsk filmfond
1740,evamere entertainment
1741,img media
1742,razor film produktion gmbh
1743,great point media
1744,alliance cinema
1745,baf berlin animation  films
1746,guardian trust company
1747,morgen studios
1748,huzu productions
1749,omnilab media
1750,ingenious media
1751,tiger aspect pictures
1752,incorporated television company
1753,sunset productions
1754,dark universe
1755,sikelia
1756,gadda five
1757,camp sugar
1758,max films productions
1759,radio télévision belge francofone (rtb)
1760,gramercy pictures
1761,zide pictures
1762,claussen &amp; woebke &amp; putz filmproduktion
1763,anil kapoor film company
1764,muse productions
1765,elevated
1766,uk film and tv production co.
1767,md entertainment
1768,ratpac entertainment
1769,cine mosaic
1770,general film corporation
1771,the film department
1772,storyland pictures
1773,mutual film company
1774,mem-film
1775,uni etoile 6
1776,georgetown productions inc.
1777,platinum dunes
1778,40 acres &amp; a mule filmworks
1779,reteitalia
1780,vision iv
1781,industryworks pictures
1782,mystery clock cinema
1783,talent international film cultural company
1784,mayhem pictures
1785,icelandic film corporation
1786,state street pictures
1787,plan b films
1788,palmstar media capital
1789,columbia tristar nordisk film distributo
1790,silverwood films
1791,sechzehnte babelsberg film
1792,malpaso productions
1793,bruno wang productions
1794,whitefalk films
1795,scared sheetless
1796,azari media
1797,cinequanon co.
1798,fickle fish
1799,beacon communications
1800,région wallone
1801,international film investors
1802,poisson rouge pictures
1803,kinepolis film distribution
1804,zipfelmützen film gmbh &amp; co. kg
1805,banque populaire images 8
1806,don simpson/jerry bruckheimer films
1807,maiden voyage films
1808,rhone-alps films
1809,gf studios ab
1810,game 7 films
1811,dinovi pictures
1812,boll kg
1813,the monk studio
1814,title media
1815,looksfilm
1816,arte france cinema
1817,resnick interactive development
1818,hbo films
1819,storm king productions
1820,starz! encore entertainment
1821,phars film
1822,screenwest
1823,sonet film ab
1824,cohen media group
1825,lighthouse pictures
1826,star cinema productions inc. [ph]
1827,bandido brothers
1828,cappa productions
1829,bojon films company
1830,im3 entertainment
1831,utv motion pictures
1832,flynn picture company
1833,saint sébastien froissart
1834,heyday films
1835,jpg films
1836,mica entertainment
1837,paramount pictures international
1838,legendary entertainment
1839,broadway video entertainment
1840,kasper collin produktion
1841,el deseo
1842,cnn films
1843,wanda media co.
1844,nadiadwala grandson entertainment
1845,aurum film
1846,mkh
1847,capital arts entertainment
1848,hybrid
1849,signature productions
1850,tin tin film
1851,trigon production
1852,disney india
1853,tba studios
1854,toei animation company
1855,gk films
1856,salem street entertainment
1857,lipsync productions
1858,praesens-film
1859,agitprop
1860,battleplan productions
1861,esperanto filmoj
1862,liddell entertainment
1863,eastern sunrise films
1864,pucara cine
1865,rhamsa productions
1866,chloe productions
1867,hercules film fund
1868,svensk filmindustri
1869,opus
1870,universal pictures international
1871,frantic films
1872,new world
1873,a plus image 3
1874,battle mountain films
1875,gth
1876,tyler perry company
1877,artomas communications
1878,duplass brothers productions
1879,beijing new picture film co.
1880,film art media
1881,26 films
1882,ufo international productions
1883,blue eyes fiction
1884,snoot films
1885,raw
1886,joanne sellar
1887,agarrate del barandal
1888,vision film productions
1889,paradox pictures
1890,france 2 cinema
1891,independent television service
1892,gold circle entertainment
1893,motto pictures
1894,unikorea pictures
1895,alcatraz films
1896,b. subhash movie unit
1897,american film productions
1898,stardust pictures
1899,cimbria film ab
1900,rko radio pictures inc.
1901,dark sky films
1902,link entertainment
1903,eight millimetres
1904,nasa
1905,campfire
1906,la panda
1907,tonik
1908,qian yian international
1909,ratpac-dune entertainment
1910,black kettle films
1911,gaumont
1912,far hills pictures
1913,svs films
1914,believe entertainment
1915,footprint features
1916,betv
1917,producers circle
1918,hard eight pictures
1919,20th century fox
1920,killer films
1921,necropia
1922,deepak nayar
1923,stuber-parent
1924,a bigger boat
1925,destro films
1926,twentieth century fox animation
1927,kreo films fz
1928,sycamore pictures
1929,kramer &amp; sigman films
1930,jobro productions &amp; film finance
1931,through films
1932,nu image films
1933,the collective studios
1934,benderspink
1935,filmax
1936,few
1937,it&#39;s alot productions
1938,louverture films
1939,b.i.m.
1940,bridgegate pictures
1941,unified pictures
1942,lleju productions
1943,npv entertainment
1944,picture entertainment corporation
1945,tip top productions
1946,vinland productions canada inc.
1947,hakuhodo incorporated
1948,pan européenne production
1949,teamworx television &amp; film
1950,tf1 films production
1951,national film and video foundation of sa
1952,beta film gmbh
1953,group a flynn picture co.
1954,knockonwood
1955,island film group
1956,dignity film finance
1957,parkes/macdonald
1958,gramercy
1959,scarlet fire films
1960,samsa film
1961,carmel creek productions
1962,culture company
1963,exclusive media group
1964,braven films
1965,troll court entertainment
1966,firdaus production
1967,main journey
1968,en compagnie des lamas
1969,les films du dauphin
1970,mwm studios
1971,weston pictures
1972,w9
1973,cannonball productions
1974,hellflower film
1975,matthew vaughn
1976,egg films
1977,pacific film and television commission
1978,pacific standard
1979,freedom media
1980,treasure entertainment
1981,la petite reine
1982,rogue pictures
1983,yong film
1984,entertainment value associates
1985,mark gordon productions
1986,9brains group
1987,london film production
1988,hanna-barbera productions
1989,hit the ground running
1990,france 3 cinéma
1991,panorama entertainment
1992,miramax
1993,dexia
1994,image organization
1995,seymour films
1996,pariah
1997,riverstone pictures
1998,lorenzo di bonaventura
1999,media luna
2000,nwave pictures
2001,efo films
2002,china film company limited
2003,brio films
2004,goalpost pictures
2005,mosaic media group
2006,luka
2007,worldview entertainment
2008,cinestate
2009,juno pix
2010,salon pictures
2011,artémis productions
2012,tapestry films
2013,mars film
2014,chris brinker productions
2015,mimran schur pictures
2016,snee-oosh productions
2017,osiris film and entertainment
2018,matt tolmach productions
2019,powder hound pictures
2020,bunya productions
2021,dark matter
2022,signature pictures
2023,sneaky shark
2024,elipsis capital
2025,sony music
2026,aardman animations
2027,kyoto animation
2028,dark water productions
2029,manekino film
2030,khalabo ink society
2031,trimark pictures
2032,sutter road picture company
2033,the safran company
2034,jk film
2035,emperor film production
2036,cadenza films b.v.
2037,parkville pictures
2038,in-gear film
2039,frat star production company
2040,stars road entertainment
2041,windmill lane pictures
2042,sight unseen pictures
2043,exodus film group
2044,heavy metal
2045,unstoppable entertainment
2046,evansgideon/lazar
2047,cine bazar
2048,demarest films
2049,privateer pictures
2050,greencard pictures
2051,shôchiku broadcasting co.
2052,redrover co. ltd.
2053,brillstein-grey entertainment
2054,blackhall entertainment ventures
2055,wayfarer entertainment
2056,digital riot media
2057,the creative europe programme of the european unio
2058,luke greenfield
2059,rollins-joffe productions
2060,playtone
2061,netflix
2062,megafilm
2063,scope pictures
2064,aurora alliance films
2065,flying river films
2066,emperor classic films
2067,gambit pictures
2068,vestron pictures
2069,out of africa entertainment
2070,tom desanto/don murphy
2071,tradewind pictures
2072,sirena film
2073,coficup
2074,class 5 films
2075,kinodanz
2076,saturn films
2077,square one entertainment
2078,ink factory
2079,trilogy entertainment group
2080,first generation films
2081,g&amp;g
2082,media blasters
2083,tim burton
2084,stoney lake entertainment
2085,sidus
2086,la wallonie
2087,godfrey entertainment
2088,straight up films
2089,t-series
2090,key pix productions
2091,wild bunch
2092,media for action
2093,cinema service
2094,cold spring pictures
2095,george litto pictures
2096,yl pictures
2097,prettybird
2098,fiore films
2099,lions gate entertainment
2100,copenhagen film fund
2101,treasure company
2102,hbo documentary films
2103,amy robinson productions
2104,heritage films
2105,films de force majeure
2106,sf studios production ab
2107,washington square films
2108,bad hat harry
2109,films a2
2110,egérie productions
2111,ian bryce
2112,jurow-shepherd
2113,wonderland sound and vision
2114,ylk
2115,sunset park pictures
2116,wanda films s.l.
2117,pony films
2118,showmax
2119,cinedigm
2120,cota films
2121,daiei studios
2122,met film production
2123,terra film produktion
2124,beijing enlight pictures co.
2125,room 101 inc.
2126,daiei motion picture company
2127,forward pass
2128,oasis films
2129,dark castle entertainment
2130,toho-towa
2131,loofah productions
2132,our stories films llc
2133,barefoot films
2134,amen ra films
2135,camp/thompson pictures
2136,gfc general film corporation
2137,primate pictures
2138,solana films
2139,mediaworks
2140,protozoa pictures
2141,banque postale image 3
2142,trancas international films inc.
2143,vertical entertainment
2144,discovery films
2145,bd cine
2146,tps star
2147,lagniappe films
2148,carousel
2149,genesis studios
2150,texas chainsaw productions
2151,vendôme production
2152,digital interference productions
2153,pantaleon films
2154,joint effort
2155,matt baer films
2156,toma 78
2157,the bindery
2158,red crown productions
2159,brink creative
2160,quaker oats company
2161,dogfish pictures
2162,pandora
2163,levantine films
2164,coppola company
2165,broken road
2166,impostor pictures
2167,eagle rock film productions
2168,houston king
2169,ghost pictures
2170,likely story
2171,cross creek pictures
2172,huayi brothers &amp; taihe film investment
2173,brownstown
2174,phoenix
2175,bavaria filmverleih- und produktions gmbh
2176,halestorm entertainment
2177,cathay asia films
2178,splendid medien ag
2179,constant c productions
2180,ufilm
2181,partizan
2182,young films
2183,babelsberg film gmbh
2184,im global film fund
2185,embassy international pictures
2186,joey mcfarland
2187,tokyo fm broadcasting company
2188,mangorange productions
2189,hérodiade
2190,film council
2191,dc entertainment
2192,goldrush entertainment
2193,cinetic media
2194,waypoint entertainment
2195,omeira studio partners
2196,bard entertainments ltd. [gb]
2197,wayan bros. entertainment
2198,ambi group
2199,les cinémas de la zone
2200,filmline international
2201,utv
2202,willie&#39;s movies
2203,end cue
2204,caramel films
2205,free state pictures
2206,paramount animation
2207,dreamscape
2208,tom cruise
2209,eros international
2210,cinerenta
2211,cinema group ventures
2212,forward movement
2213,mmc independent gmbh
2214,nikkatsu
2215,new sparta films
2216,trinity race
2217,sunshine films florida
2218,significant prods.
2219,duncan kenworthy
2220,moving picture company
2221,recorded pictures company
2222,shanghai film studio
2223,intermedia film equities ltd.
2224,blackbird
2225,llc
2226,vanguard
2227,streamline global group
2228,little blair
2229,triggerfish animation studios
2230,tms entertainment
2231,blackmrkt
2232,red hour productions
2233,phase 1 productions
2234,golden harvest company
2235,tpw films
2236,ecce films
2237,film fund luxembourg
2238,universal cartoon studios
2239,code 39 films
2240,frisbeefilms
2241,blumhouse
2242,chu studios
2243,panache productions
2244,metro-goldwyn-mayer studios
2245,columbia records
2246,james patterson entertainment
2247,icon productions
2248,rodar y rodar cine y television
2249,a &amp; t entertainment
2250,burn later productions
2251,blue sky films
2252,rpm media
2253,snoot entertainment
2254,indiefilm
2255,lamp
2256,bait films
2257,lucky red
2258,summit entertainment
2259,tax shelter film funding
2260,peters entertainment
2261,happy madison productions
2262,ten thirteen productions
2263,easy there tiger
2264,iron sky universe
2265,a very good production inc.
2266,northern lights entertainment
2267,bondit
2268,rainforest films
2269,brothers dowdle
2270,a band apart
2271,oz company ltd.
2272,harold greenberg fund
2273,crusader entertainment llc
2274,warner bros. records
2275,free range films
2276,smokehouse
2277,telecinco cinema
2278,allied stars
2279,creative scotland
2280,warner china film hg corporation
2281,reel fire entertainment
2282,entertainment one
2283,crrav
2284,undisputed productions
2285,win&#39;s entertainment ltd.
2286,jalem productions
2287,pdi
2288,mandarin films
2289,allison shearmur
2290,the asylum
2291,klasky-csupo
2292,dmg entertainment
2293,village roadshow prod.
2294,mediapro pictures
2295,tribeca productions
2296,telewizja polska (tvp)
2297,asia union film &amp; entertainment ltd.
2298,shtick film
2299,20th century fox pictures international
2300,jersey films
2301,pad thai pictures
2302,snd
2303,united entertainment partners
2304,littlestar
2305,hawk films
2306,nexus factory
2307,blueprint productions
2308,ltd.
2309,eaves movie ranch
2310,chatrone
2311,gerard butler alan siegel entertainment
2312,bfi film fund
2313,next weekend
2314,i am other entertainment
2315,battle royale prod. committee
2316,2929 productions
2317,rome paris films
2318,atípica films
2319,john davis
2320,geffen pictures
2321,collina filmproduktion gmbh - münchen
2322,jane balfour films
2323,theatrical arts international
2324,agora entertainment
2325,rectangle productions
2326,inferno pictures
2327,jrw entertainment
2328,national film finance corporation
2329,mark johnson
2330,undisputed cinema
2331,corsan
2332,mighty engine
2333,k/o paper products
2334,left field ventures
2335,leif films
2336,cinémage 4
2337,northern ireland screen
2338,metropolitan
2339,gravitas ventures
2340,finola dwyer prods.
2341,revolution films
2342,producers releasing corporation
2343,illumination films
2344,filbert steps
2345,destination films
2346,showbox entertainment
2347,ttv productions
2348,eta films
2349,pacific bay entertainment
2350,second stix films
2351,triangle film corporation
2352,canal plus
2353,edko films
2354,triptych pictures
2355,cott productions
2356,snd films
2357,lego system a/s
2358,super crispy entertainment
2359,sea change media
2360,film power company limited
2361,merced media partners
2362,marvel entertainment
2363,iron films
2364,filmfour productions
2365,lakeshore entertainment
2366,winger
2367,bkp film
2368,ballinran entertainment
2369,insurge pictures
2370,mayday movies
2371,mednick productions
2372,alloy entertainment
2373,foresight unlimited
2374,france 4
2375,cameron mackintosh
2376,kanal 5
2377,bingo movie development
2378,patagonik film group
2379,mini film
2380,kadokawa pictures
2381,les chauves-souris
2382,stx films
2383,maddock films
2384,karibufilm
2385,river road entertainment
2386,perfect storm entertainment
2387,motion picture corporation of america
2388,im global
2389,troublemaker studios
2390,mandeville films
2391,peripheria productions
2392,rational packaging company
2393,premiere entertainment group
2394,turbo productions
2395,deutschfilm gmbh
2396,relativity
2397,aro entertainment
2398,constantin film verleih
2399,sampsonic media
2400,dune
2401,bobker / kruger films
2402,22h22
2403,illuminata pictures
2404,studio 37
2405,golden way films
2406,charles b. wessler entertainment
2407,southpaw entertainment
2408,city lights pictures
2409,mattel
2410,turner entertainment
2411,filmbuff
2412,jackie &amp; jj productions
2413,american high
2414,stepping stone productions
2415,tollin/robbins productions
2416,jvc entertainment
2417,zipper bros films
2418,les films d&#39;ici
2419,production ip
2420,imperial entertainment
2421,sixtyfoursixty
2422,marvel enterprises
2423,parallel film productions ltd.
2424,cn film
2425,fangoria
2426,digital domain
2427,pontchartrain
2428,nfp marketing &amp; distribution
2429,spe films
2430,cw productions
2431,antena 3 films
2432,schiwago film gmbh
2433,screen door
2434,ealing studios
2435,lost highway productions
2436,la banque postale images 5
2437,augenschein filmproduktion
2438,josephson entertainment
2439,playtime
2440,mainline pictures inc.
2441,new glory productions
2442,bel air entertainment
2443,ceskoslovenská televize
2444,hikari
2445,lodger films
2446,cartel pictures
2447,safehouse pictures
2448,our house films
2449,les films georges de beauregard
2450,les films du fleuve
2451,new redemption
2452,seasonal film corporation
2453,motion picture corporation of america (mpca)
2454,severn screen limited
2455,lilou films
2456,lunanime
2457,emilio films
2458,pyramide productions
2459,over under media
2460,studio canal international
2461,element pictures
2462,revelations entertainment
2463,mark canton
2464,avalanche productions
2465,triad film works
2466,jerry bruckheimer films
2467,medusa
2468,first run features
2469,bron studios
2470,lola&#39;s productions
2471,lucent pictures entertainment
2472,samuel goldwyn films
2473,coast to coast films
2474,departures film
2475,wayne rice
2476,cn3 productions
2477,tapioca films
2478,auvergne-rhône-alpes cinéma
2479,paragon films ltd.
2480,selznick international pictures
2481,tu vas voir productions
2482,chi-fou-mi productions
2483,lgm productions
2484,24/7 films
2485,logical pictures
2486,standard film company inc.
2487,endgame entertainment
2488,vice versa film
2489,jolly film
2490,golden port productions ltd. [hk]
2491,oscilloscope laboratories
2492,elsobky film
2493,polygram filmed entertainment
2494,sunlight productions
2495,international video 80
2496,epic productions
2497,le vision pictures
2498,barber-birnbaum
2499,homegrown pictures
2500,stanley kramer company
2501,patchwork productions
2502,vanguard animation
2503,spanknyce films
2504,vishal bhardwaj pictures pvt. ltd.
2505,m.g.films
2506,s3 entertainment group
2507,walt disney productions
2508,joel schumacher productions
2509,lynda obst productions
2510,double nickel entertainment
2511,golden receiver
2512,clifford werber productions
2513,corporate world entertainment
2514,la canica films
2515,koty films
2516,standard deviations
2517,flying bark productions
2518,três mundos produções
2519,q film productions
2520,lotte entertainment
2521,fox film corporation
2522,studio babelsberg independents [de]
2523,jklc productions
2524,uv creations
2525,evolution entertainment
2526,parallel films
2527,toho company ltd.
2528,windblown media
2529,film4
2530,robotproof
2531,argomedia production
2532,bcf film group
2533,kylin pictures
2534,verenigde arbeiders radio amateurs (vara)
2535,herbx film gmbh
2536,rooks nest entertainment
2537,monkeyboy gmbh
2538,exclusive media
2539,one race productions
2540,new black films
2541,division films
2542,tiger tiger pictures
2543,medienboard berlin-brandenburg
2544,el deseo s.a.
2545,kia jam
2546,vans off the wall
2547,toei company
2548,truth and soul pictures
2549,brainstorm media
2550,rai cinema
2551,summerstorm entertainment
2552,banana-moon sky films
2553,uncorked productions
2554,l&#39;office federal de la culture
2555,redpeter film
2556,bwark productions
2557,moovie the art of entertainment gmbh
2558,intrepid pictures
2559,sandstorm films
2560,franklin/waterman prod.
2561,egg pictures
2562,kino swiat
2563,avi arad
2564,phoenix pictures
2565,canal plus image international
2566,suresh productions
2567,jim henson productions
2568,graniet film bv
2569,ixtlan corporation
2570,kimura productions
2571,mayank arts
2572,universal cgi
2573,rhino films
2574,27 films production
2575,wwe studios
2576,atlas entertainment
2577,universum film gmbh
2578,revolt films
2579,hunting lane
2580,big bug pictures
2581,parting shots media
2582,ideal partners film fund
2583,random house films
2584,thunder road film
2585,bandai visual co. ltd.
2586,labyrinthe films
2587,olm
2588,arise pictures
2589,laurence mark productions
2590,huoerguosi enlight media
2591,gizmo prods.
2592,media rights capital (mrc)
2593,corner piece capital
2594,reel fx creative studios
2595,outerbanks entertainment
2596,broadcasting commission of ireland
2597,magnolia mae
2598,causeway films
2599,central motion pictures corporation
2600,state run films
2601,gaylord films
2602,prospect park
2603,camp grey
2604,sid &amp; marty krofft
2605,utv communications
2606,mirage entertainment
2607,moonlighting
2608,hughes entertainment
2609,ugc
2610,pretty pictures
2611,curmudgeon
2612,boucan films
2613,okofilm productions
2614,full moon cinema
2615,dpp
2616,bankside films
2617,kanadé films
2618,soul simple productions
2619,apollo films ltd.
2620,toho animation
2621,modern people
2622,battlefield productions llc
2623,eros international film productions
2624,columbia pictures film production asia
2625,luna pictures
2626,four by two films
2627,ntv
2628,bondit media capital
2629,tf1 international
2630,production i.g.
2631,les films marceau
2632,ilion animation studios
2633,leverage communications
2634,tondero films
2635,the weinstein company
2636,mandalay sports media
2637,huayi brothers
2638,nine stories productions
2639,sony pictures imageworks
2640,modoc spring
2641,mk2 productions
2642,antena 3 televisión
2643,mgm
2644,jagged films
2645,ritchie/wigram
2646,showbox
2647,synergics films
2648,whole truth films
2649,fragile films
2650,enderby entertainment
2651,viaocom18 motion pictures
2652,archer street productions
2653,fishcorb films
2654,national arts films production
2655,centropolis film productions
2656,malpaso company
2657,arts council of england
2658,dharamsala
2659,filmkameratene a/s
2660,imagemovers
2661,vishal film factory
2662,fuji tv movie
2663,pixar animation studios
2664,industry entertainment
2665,library films
2666,les improductibles
2667,omega film
2668,gil netter
2669,purple films
2670,code black entertainment
2671,walt disney company
2672,ambi pictures
2673,covert media
2674,oxymoron entertainment
2675,merchant ivory productions
2676,john wells productions
2677,dominion pictures corporation
2678,cecchi gori group tiger cinema
2679,odb films
2680,jaguar bite
2681,jonathan krane group
2682,beijing film studio
2683,waf productions
2684,sculptor media
2685,dc comics
2686,milky way image company
2687,new normal productions
2688,palmstar media
2689,constantin film
2690,fuego films
2691,unchain my heart louisiana
2692,stage 6 films
2693,jigsaw productions
2694,page 1
2695,flagship entertainment
2696,saregama india
2697,treehouse pictures
2698,asmik ace
2699,centre images
2700,tuff gong pictures
2701,fish head productions
2702,paramount players
2703,606 films
2704,tv4 sweden
2705,cohesive entertainment group
2706,les productions du chicon
2707,ladd company
2708,giant ape media
2709,china star entertainment
2710,brightlight pictures
2711,direct management group
2712,two rivers pictures
2713,varsity pictures
2714,village roadshow pictures
2715,k/w productions
2716,red duck films
2717,tokarev/hannibal
2718,tequila gang
2719,wwe films
2720,arc
2721,dawn&#39;s light
2722,stopline films
2723,alliance entertainment
2724,saville productions
2725,watermelon pictures co.
2726,cine+
2727,cartoon filmproduktion berlin
2728,patriot pictures
2729,kamala films
2730,roshni dinaker productions
2731,aggregate films
2732,sss entertainment
2733,anagram
2734,bob film sweden ab
2735,gran via
2736,europacorp
2737,comix wave
2738,trigger street productions
2739,all girl productions
2740,tf1
2741,henson alternative
2742,look to the sky films
2743,still rolling productions
2744,hungarian national film fund
2745,arcola entertainment
2746,armzfx
2747,stanhaven productions
2748,terra mater factual studios
2749,italo/judeo productions
2750,permut presentations
2751,sony pictures television
2752,wiedemann &amp; berg filmproduktion
2753,nordisk film distribusjon as
2754,ivan reitman
2755,best medicine productions
2756,colour yellow pictures
2757,century fortune pictures
2758,ddy
2759,macdonald-parkes
2760,proud films
2761,double feature films
2762,raw nerve
2763,overnight films
2764,holiday hill farm
2765,cave 76
2766,sonar entertainment
2767,meron weston pictures
2768,beachside films
2769,myriad pictures
2770,hey eddie
2771,local production
2772,astral films
2773,original film
2774,beijing yinmeng film &amp; tv art co.
2775,les productions du ch&#39;timi
2776,cannon international
2777,ktf films
2778,schmooze
2779,code black films
2780,wind dancer films
2781,rkss
2782,triton film
2783,tucker tooley entertainment
2784,fantefilm
2785,electronic arts
2786,harrison productions
2787,queensbury pictures
2788,warner bros. pictures
2789,algemene vereniging radio omroep
2790,chris morgan productions
2791,lucasfilm ltd.
2792,silver reel
2793,tv2 danmark
2794,webstringers
2795,le pacte
2796,royal road entertainment
2797,twentieth century fox
2798,kew media group
2799,archer gray
2800,submarine entertainment
2801,film workshop ltd.
2802,steelwork films
2803,hsi productions
2804,climax productions
2805,screen siren pictures
2806,savvy media holdings
2807,dna pictures international
2808,fox atomic
2809,echo films
2810,2.4.7. films
2811,stuber pictures
2812,kino vision
2813,meridian broadcasting
2814,studio b
2815,red wagon entertainment
2816,elektra entertainment group
2817,nordisk film &amp; tv-fond
2818,moxie firecracker films
2819,western stars films
2820,staccato films
2821,jacobson company
2822,bioscop
2823,2s films
2824,pole star
2825,northshore investments ltd.
2826,weed road pictures
2827,castleberg productions
2828,magnum
2829,on the day
2830,eric&#39;s boy
2831,round films
2832,constellation
2833,film-makers inc.
2834,passion pictures
2835,le grisbi
2836,survivor productions
2837,the lot
2838,october films
2839,horseshoe bay productions
2840,marlboro road gang
2841,umedia
2842,pvr pictures ltd.
2843,pulido entertaiment corp
2844,hyperion pictures
2845,storm vision entertainment
2846,side street post
2847,cinécinéma
2848,orange studio
2849,rough house pictures
2850,media rights capital
2851,filmone distribution
2852,morena films
2853,les films pelleas
2854,laura ziskin productions
2855,maipo film
2856,kind hearts entertainment
2857,ba entertainment
2858,angel cake truth
2859,golden princess film production limited
2860,edge city llc
2861,american film institute
2862,blumhansonallen films
2863,skydance media
2864,blueeyes
2865,noujaim films
2866,affirm films
2867,hepp film
2868,alphaville films
2869,silver nitrate pictures
2870,ways &amp; means
2871,ciné tamaris
2872,mtv films
2873,3311 productions
2874,zero one film
2875,alliance
2876,kennedy/marshall
2877,globo filmes
2878,smts
2879,weimaraner republic pictures
2880,montecito picture company
2881,tribeca film center
2882,moorhead &amp; benson
2883,etalon film
2884,independent pictures
2885,grazing goat pictures
2886,quat&#39;sous films
2887,wide and handsome inc.
2888,swanford films
2889,toonbox entertainment
2890,syncopated films
2891,wingnut films
2892,donner/schuler-donner
2893,human stew factory
2894,hanway films
2895,apatow films
2896,dovemead films
2897,weinstein company
2898,everything is everything
2899,sil-metropole organisation
2900,headline pictures
2901,storyville films
2902,scion films
2903,goldsmith-thomas productions
2904,bullitt entertainment
2905,fibonacci films
2906,saj
2907,maddem films
2908,day 28 films
2909,dwarakish chitra
2910,smokewood entertainment group
2911,recorded picture company (rpc)
2912,attica film company
2913,thousand words
2914,showtime
2915,many rivers
2916,eyeworks
2917,trio film
2918,vb pictures
2919,film rites
2920,diamant cohen productions
2921,hidden empire film group
2922,mt media
2923,blackout productions inc.
2924,majestic film
2925,minds eye entertainment
2926,woods entertainment
2927,hofflund/polone
2928,latitude productions
2929,impact pictures
2930,dino de laurentiis company
2931,echo lake entertainment
2932,immersiverse
2933,warner brothers/seven arts
2934,frenesy film
2935,national film trustee company
2936,samera entertainment
2937,nemperor
2938,gunpowder &amp; sky
2939,qed international
2940,matila röhr productions (mrp)
2941,senorita films
2942,vortex sutra
2943,andale pictures
2944,studios idefix
2945,haishang films
2946,benelux film distributors
2947,akkord film produktion gmbh
2948,arte france
2949,martini films
2950,single cell pictures
2951,win&#39;s movie productions ltd.
2952,disruption entertainment
2953,village roadshow entertainment
2954,chromosom filmproduktion
2955,celador productions
2956,miso film
2957,entity3
2958,pico pictures
2959,the kl line
2960,fundamental films
2961,pathé renn productions
2962,the hideaway entertainment
2963,ab svensk filmindustri
2964,g-base
2965,priority pictures
2966,private life productions
2967,eagle point production
2968,época films
2969,temple hill
2970,delphi medien
2971,page 114
2972,black rhino productions
2973,statement pictures
2974,affluence movies
2975,belle pictures
2976,memfis film
2977,alliance atlantis communications
2978,niko film
2979,stratus films
2980,comedy central
2981,square enix company
2982,celluloid dreams
2983,golden mean
2984,historias cinematograficas cinemania
2985,forbidden films
2986,nirvana cinemas
2987,above the line productions
2988,divide / conquer
2989,fun academy motion pictures
2990,michael white productions
2991,golden screen films
2992,gold star films
2993,barwood films
2994,y3 film
2995,weinstein brothers
2996,aperture entertainment
2997,fgm entertainment
2998,warp films
2999,kino films
3000,brace cove
3001,dot dot dot productions
3002,aldamisa entertainment
3003,mind in motion entertainment
3004,hollow creek pictures
3005,rakontur
3006,gerber pictures
3007,provenance pictures
3008,hachette première
3009,ske-dat-de-dat productions
3010,semilla verde productions
3011,interscope communications
3012,odyssey film studios australia
3013,trust film
3014,oriental light and magic
3015,leverage entertainment
3016,primal foe productions
3017,finecut
3018,fanes film
3019,svt drama
3020,plum pictures
3021,sp films limited
3022,oriah entertainment
3023,south creek pictures
3024,star thrower entertainment
3025,kaissar film
3026,d.n. dream partners
3027,addictive pictures
3028,new amsterdam entertainment inc.
3029,pathé
3030,b.h. finance c.v.
3031,rt features
3032,rysher entertainment
3033,chernin entertainment
3034,lira films
3035,studio 8
3036,chang hong channel film &amp; video
3037,chaumiane
3038,harimao pictures
3039,cold rock productions bc
3040,yellow cottage a/s
3041,filmové studio barrandov
3042,apostle pictures
3043,chaocorp
3044,galatée films
3045,apelles entertainment
3046,finestkind
3047,metro-goldwyn-mayer
3048,defiant productions
3049,memento films
3050,glacier films
3051,mississippi gulf coast studios
3052,movie world
3053,logolite entertainment
3054,leeloo productions
3055,kerner entertainment
3056,eurimages
3057,amazon studios
3058,paramount pictures
3059,asmik ace entertainment
3060,campbell grobman films
3061,imaginarium productions
3062,niccol films
3063,bet films
3064,abs-cbn film productions
3065,kroll &amp; co. entertainment
3066,silesia film
3067,turman-morrissey company
3068,raygun productions
3069,atlantis film prods
3070,studio dadashow
3071,mandate pictures
3072,make movies
3073,my way entertainment
3074,baa-ram-ewe
3075,21 laps entertainment
3076,basmati blues
3077,cara films
3078,netter productions
3079,blue spirit animation
3080,profil film
3081,braveart films
3082,one world films
3083,4 1/2 film
3084,pacifica film
3085,robert lawrence productions
3086,snowfort pictures
3087,nederlandse christelijke radio-vereniging (ncrv)
3088,dor film produktionsgesellschaft gmbh
3089,venture forth
3090,sony pictures
3091,red granite pictures
3092,wigwam films
3093,irish dreamtime
3094,crossroads
3095,integral film
3096,material pictures
3097,chaocorp distribution
3098,fresh tv
3099,spanky pictures
3100,acacia filmed entertainment
3101,s films
3102,kôdansha
3103,studio71
3104,pen movies
3105,jolie pas
3106,thirteen productions llc
3107,linson entertainment
3108,chaocorp développement
3109,jaffe/braunstein films
3110,grf productions
3111,steamroller productions
3112,fear of god films
3113,fiona films
3114,circle of confusion
3115,film manufacturers
3116,marcy media films
3117,new world pictures
3118,production media films
3119,united artists
3120,kadokawa shoten publishing co.
3121,mazur / kaplan company
3122,verisimilitude
3123,paradis films
3124,escape artists
3125,faliro house
3126,latino public broadcasting
3127,madison 23
3128,one two films
3129,det danske filminstitut
3130,neunte babelsberg
3131,electric kinney
3132,backup films
3133,defining
3134,canadian film development corporation (cfdc)
3135,porchlight entertainment
3136,zee studios
3137,media programme of the european union
3138,ape&amp;bjørn as
3139,upload films
3140,bleiberg entertainment
3141,fogma gmbh
3142,will vinton studios
3143,distressed films
3144,knit one
3145,fastnet films
3146,hamilton entertainment
3147,river road
3148,bloom
3149,tsg entertainment
3150,mediaset
3151,mpower pictures
3152,vip 4 medienfonds
3153,4 mecs en baskets
3154,heyi pictures
3155,film base berlin
3156,imax corporation
3157,create nsw
3158,movie tax shelter empowered by dexia
3159,novel entertainment productions
3160,the ladd company
3161,tsl entertainment
3162,plunge pictures llc
3163,landmark production
3164,pop pop productions
3165,araba films
3166,tv 1000
3167,kross pictures
3168,filmförderungsanstalt
3169,ad hominem enterprises
3170,turner pictures
3171,right of way films
3172,the be phat motel film company
3173,strong foundation films
3174,indigo films
3175,digic pictures
3176,rohfilm
3177,a-po films
3178,hugo productions
3179,morena films s.l.
3180,cinema city film productions
3181,studio ghibli
3182,blue ribbon content
3183,genco
3184,stillking films
3185,verdi productions
3186,uk film council
3187,duo art productions
3188,martin chase productions
3189,unltd productions
3190,dylan sellers zadan
3191,depth of field
3192,warner brothers
3193,tonylyn productions inc.
3194,los producciones del escorpion
3195,mile high productions llc
3196,itn productions
3197,daniel l. paulson productions
3198,prima linea productions
3199,parc film
3200,dreambridge films
3201,illumination entertainment
3202,federico film
3203,nwr productions
3204,blank tape
3205,matador pictures
3206,scarlet films
3207,cbs
3208,eastways productions
3209,peregrine
3210,beijing united power films
3211,spring creek productions
3212,pasto
3213,first movie company
3214,rosetta productions
3215,fuzzy door productions
3216,subzero film entertainment
3217,medusa produzione
3218,aegis film fund
3219,what else? b.v.
3220,marvel films
3221,fandango
3222,mirrorball films
3223,tea shop &amp; film company
3224,akn productions
3225,buffalo gal pictures
3226,third eye productions
3227,village studios
3228,bull pictures
3229,amusement park films
3230,altavista entertainment group
3231,volya films
3232,pathé cinéma
3233,deutsche film (defa)
3234,saul zaentz company
3235,columbia pictures
3236,fox animation studios
3237,parts &amp; labor
3238,cattleya
3239,fortis film fund
3240,manny o productions
3241,shady acres entertainment
3242,spectrevision
3243,the lloyd segan company
3244,start motion pictures
3245,stx family
3246,mm2 entertainment
3247,blue ruin
3248,two flints
3249,mike zoss productions
3250,10twentyeight
3251,automatik
3252,planet films
3253,lumiere productions
3254,forecast pictures
3255,dargaud films
3256,franklin entertainment
3257,misfits entertainment
3258,mph
3259,the south australian film corporation
3260,reif entertainment
3261,altitude film entertainment
3262,tinres entertainment
3263,dickhouse productions
3264,les films de la pléiade [fr]
3265,sanai pictures
3266,le studio canal +
3267,bold films
3268,before the door
3269,untitled entertainment
3270,jean doumanian productions
3271,the cantillon company
3272,regatta
3273,sincap productions
3274,rook films
3275,imagination design works
3276,alternate ending studios
3277,three ninjas japan inc.
3278,northern lights films
3279,concord productions inc.
3280,mrb productions
3281,fire axe pictures
3282,condé nast entertainment
3283,slb films pvt. ltd.
3284,american work
3285,knm
3286,grive productions
3287,maven pictures
3288,televisión española (tve)
3289,dreamworks skg
3290,contentino
3291,sibling productions
3292,signature films
3293,scott l. goldman
3294,hollywood pictures
3295,flower films
3296,cowboy films
3297,orange cinéma séries
3298,iris productions
3299,kungfuman culture media
3300,impact partners
3301,joseph m. singer entertainment
3302,new line cinema
3303,strada film
3304,charming productions inc.
3305,little punk
3306,irish film board
3307,ikiru films
3308,goldenring productions
3309,caneo films
3310,american masters
3311,lotus pictures
3312,red turtle
3313,dimension films
3314,capricci films
3315,arc productions
3316,anonymous content
3317,jar pictures
3318,caviar films
3319,bavaria film
3320,django films
3321,sony classical
3322,star sands
3323,studio trigger
3324,india take one productions
3325,revolution studios
3326,wy prods.
3327,sean s. cunningham films
3328,film inc.
3329,head gear films
3330,awesomeness tv
3331,unigram
3332,a.f. cinema
3333,cj entertainment
3334,brood syndicate
3335,relevant entertainment
3336,original headquarters
3337,rabbit bandini productions
3338,zodiac productions inc.
3339,china film
3340,egoli tossell film
3341,crystal lake entertainment inc.
3342,bona film group
3343,les films alain sarde
3344,sparkle roll media
3345,16:14 entertainment
3346,tri-state pictures
3347,furst films
3348,focus features
3349,mythology entertainment
3350,black &amp; white productions
3351,cannell studios
3352,waddieish claretrap
3353,joseph e. levine productions
3354,regency enterprises
3355,mad ghost productions
3356,oak productions
3357,sandcastle 5 productions
3358,working title films
3359,anton capital entertainment
3360,axiom films
3361,parallel zide
3362,eye candy films
3363,at-x
3364,a24
3365,diamond film productions
3366,animal logic
3367,afilms
3368,kut films
3369,matchbox pictures inc.
3370,largo entertainment
3371,horsepower entertainment
3372,embankment films
3373,shin cine communications
3374,armian pictures
3375,10 by 10 entertainment
3376,junction
3377,wyc motions
3378,red &amp; black films
3379,pacific pictures
3380,bend it films
3381,zaftig films
3382,sherwood pictures
3383,silver pictures
3384,sundream motion pictures
3385,pacific western
3386,gone north productions inc.
3387,avery pix
3388,moving pictures
3389,a.g. films
3390,bnp paribas fortis film fund
3391,nutmeg movies
3392,freestyle picture company
3393,newmarket capital group
3394,next wednesday productions
3395,blue tulip
3396,nan
3397,indian paintbrush
3398,vertigo entertainment
3399,snl studios
3400,shochiku company
3401,t.d. jakes ministries
3402,procirep
3403,m6 métropole télévision
3404,clean slate films
3405,pawan kumar studios
3406,friday four films inc.
3407,electric city entertainment
3408,big talk pictures
3409,media max productions
3410,toei co. ltd.
3411,norsk filminstitutt
3412,global screen
3413,busted shark
3414,filmgate films
3415,amber entertainment
3416,boies/shiller films
3417,mark sourian
3418,def pictures
3419,pingpongfilm
3420,elara pictures
3421,indie rights
3422,enlightenment productions
3423,8:38 productions
3424,ariescope pictures
3425,blumhouse productions
3426,neal street productions
3427,svenska filminstitutet
3428,cardinalwood content
3429,jorkwang films co.
3430,york
3431,tencent pictures
3432,fabrica
3433,franchise pictures
3434,no trace camping
3435,new crime productions
3436,a&amp;e television networks
3437,film 44
3438,boulderlight pictures
3439,blue ice pictures
3440,sofica valor 6
3441,tf1 films productions
3442,beijing united mighty movie and cukture co.
3443,columbia tristar
3444,regency entertainment
3445,nu boyana film studios
3446,reliance entertainment
3447,intermedia films
3448,bcdf pictures
3449,ingenious film partners
3450,chiodo brothers productions
3451,marie coline films
3452,toei animation
3453,jce entertainment ltd.
3454,big kid pictures
3455,beijing jingxi culture &amp; tourism company
3456,fox international
3457,two to tangle
3458,burn later prods.
3459,hoya productions
3460,blazing griffin
3461,robert simonds productions
3462,seaside productions
3463,neal h. moritz productions
3464,cinematograph a/s
3465,garnet girl
3466,ashutosh gowariker productions pvt. ltd.
3467,wt²
3468,capitol films
3469,pukka films
3470,elite group enterprises
3471,orion pictures corporation
3472,bbc worldwide
3473,sun pictures
3474,filmko films
3475,spartiate films
3476,little mama
3477,fidélité films
3478,reno productions
3479,seven arts pictures
3480,abbolita productions
3481,vijayta films
3482,perfect day films
3483,zanuck/brown productions
3484,garlin pictures
3485,neptun film
3486,moonlighting films
3487,mace neufeld productions
3488,spanglish media
3489,oddfellows entertainment
3490,guangxi film studios
3491,lorton entertainment
3492,wildside
3493,diana-film
3494,evergreen studios
3495,rex entertainment
3496,riche productions
3497,mutiny fx
3498,smoke house
3499,dévelopimage
3500,fantastic factory (filmax)
3501,radicalmedia
3502,tkbc
3503,atlantic swiss productions
3504,kanzaman
3505,morgan creek productions
3506,buffalo 8 productions
3507,cosmo films
3508,decibel films
3509,berg mandel schaffer
3510,mmg film &amp; tv production
3511,punisher productions
3512,akira committee company
3513,good machine
3514,city light films
3515,hypnotic
3516,australian film finance corporation
3517,retro-juice productions
3518,telepiù
3519,absurda
3520,shawn danielle production services
3521,karé productions
3522,film-clinic
3523,corrino
3524,wildflowers llc
3525,si litvinoff film production
3526,little bear [fr]
3527,centropolis entertainment
3528,jon shestack
3529,python (monty) pictures limited
3530,equity pictures medienfonds
3531,sf norge a/s
3532,the ink factory
3533,ruby films
3534,cargo films
3535,plan c studios
3536,czech anglo productions
3537,rockaway films
3538,palatine étoile 9
3539,white hot productions
3540,django film
3541,wrap fund
3542,globe studios
3543,unique features
3544,sly predator
3545,single berry
3546,téléfilm canada
3547,paradox films
3548,apparatus
3549,rommel film
3550,ram bergman
3551,canana films
3552,tim burton animation co.
3553,black bicycle entertainment
3554,mark boal
3555,sobras international pictures
3556,cofinova 6
3557,fade to black productions
3558,amiguetes entertainment
3559,silvertongue films
3560,crow crow productions
3561,walden media
3562,dualstar entertainment group
3563,sak pasé films
3564,goodland pictures
3565,silent hill 2 dcp
3566,greenroom entertainment
3567,electric pictures
3568,honora
3569,r7 entertainment
3570,creative films siam
3571,universal 1440 entertainment
3572,cinémage 5 développement
3573,mcmc
3574,blinding edge pictures
3575,route one entertainment
3576,fuqua films
3577,persistent entertainment
3578,uni étoile 5
3579,biograf jan sverak
3580,outlaw productions
3581,southern light
3582,splash entertainment
3583,status media &amp; entertainment
3584,the
3585,showtime pictures
3586,holly wiersma
3587,arp
3588,aubin pictures
3589,storyline entertainment
3590,comedy central films
3591,department of motion pictures
3592,lemon films
3593,full house
3594,avala film
3595,anurag kashyap films
3596,stalker films
3597,lakeshore international
3598,fox sports
3599,blue light
3600,scott rudin productions
3601,pro-family films
3602,cocinor
3603,united plankton pictures
3604,laika
3605,good films
3606,evolution independent
3607,uni étoile 7
3608,media talent group
3609,paul thiltges distributions
3610,pictak
3611,3 arts entertainment
3612,steven reuther
3613,goodwin sports
3614,cubicle
3615,related pictures
3616,rachael horovitz
3617,team downey
3618,aamir khan productions
3619,ebonylife films
3620,nippon herald films
3621,shout! factory
3622,colorado film production
3623,stable way entertainment
3624,supermarche
3625,wtc productions
3626,eos entertainment
3627,worldstarhiphop
3628,altimeter films
3629,wild ocean films
3630,binary films works
3631,indo-british
3632,odu movies
3633,doha film institute
3634,film partner international
3635,film colony
3636,rideback
3637,electric entertainment
3638,dream team films
3639,epicleff media
3640,dreamz unlimited
3641,scanbox danmark
3642,studio 4c
3643,film engine
3644,renegade
3645,gaumont international
3646,pie films
3647,films georges de beauregard
3648,ibid filmworks
3649,eden rock media
3650,pulse films
3651,panorama films
3652,beijing ya huan tv production company
3653,can i watch
3654,solution entertainment group
3655,kevin downes
3656,diablo entertainment
3657,gmm tai hub (gth)
3658,tf1 droits audiovisuels
3659,simmian
3660,motorino amaranto
3661,illusion entertainment
3662,actual films
3663,farmhouse film &amp; tv
3664,sketch films
3665,leslie iwerks productions
3666,drak film
3667,rat entertainment
3668,opus film
3669,br petrobas
3670,sandrew metronome
3671,rouge international
3672,imagination park entertainment
3673,studio 100
3674,motel movies
3675,beacon pictures
3676,the kennedy/marshall company
3677,film science
3678,astute films
3679,lost city productions
3680,dark horse entertainment
3681,bert marcus productions
3682,viva films
3683,evergreen media group
3684,perfect world pictures
3685,dreamworks pictures
3686,metro goldwyn mayer
3687,asian crush
3688,hybrid films
3689,shooting star filmcompany
3690,syfy
3691,points west pictures
3692,big book media
3693,argyle enterprises
3694,kintop pictures
3695,london films
3696,the bureau
3697,shangri-la entertainment
3698,andrea films
3699,millennium films
3700,filmlance international ab
3701,lascaux films
3702,one hundred years of film co. ltd.
3703,42 km film
3704,underworld entertainment
3705,gainex
3706,friday filmworks
3707,chockstone pictures
3708,keystone family pictures
3709,proximus
3710,jack rollins &amp; charles h. joffe productions
3711,thunder road pictures
3712,bbc earth
3713,b&amp;t film
3714,working films
3715,survival pictures
3716,studio canal
3717,j&amp;j jakubisko film
3718,safran company
3719,hal lieberman co.
3720,equinoxe films
3721,monte cristo entertainment
3722,chic films
3723,canadian government
3724,serena films
3725,black balance
3726,kevin mccormick
3727,south fork pictures
3728,savage productions
3729,dreamworks
3730,eurimages fund of the council of europe
3731,arcade
3732,reel fx animation studios
3733,das films
3734,roast beef productions
3735,offspring entertainment
3736,filmmaker r&amp;k
3737,lipsync
3738,gno media group
3739,roth films
3740,twisted pictures
3741,egmont
3742,novo rpi
3743,fantastic films
3744,wattpad
3745,mandragora
3746,anvil films
3747,c-2 pictures
3748,aperture media partners
3749,automatik entertainment
3750,taking lives films
3751,bridgnorth films
3752,film and music entertainment
3753,melbar entertainment group
3754,kasbah-film tanger
3755,construction film
3756,région ile-de-france
3757,filmnation entertainment
3758,sonnenfeld josephson worldwide ent.
3759,studio swan
3760,prime time
3761,el toro pictures s.l.
3762,vineyard
3763,suzanne delaurentiis productions
3764,safady entertainment
3765,fries film group
3766,lieber films
3767,tyler perry studios
3768,sterling productions
3769,hollywood media bridge
3770,like mike productions
3771,participant media
3772,clubhouse pictures (ii)
3773,columbia pictures corporation
3774,sweet home la película a.i.e
3775,awesomeness films
3776,animus films
3777,cinelou films
3778,sofica ugc 1
3779,bell media
3780,tbs television
3781,kennedy miller mitchell
3782,keith barish productions
3783,horipro
3784,apollomedia
3785,electric shepherd
3786,dania films
3787,potboiler productions
3788,british film company
3789,smithrowe entertainment
3790,cinepost studios
3791,engine film inc.
3792,dharma productions
3793,synchronicity films
3794,magic light pictures
3795,metrol technology
3796,bavaria pictures gmbh münchen-geiselgasteig
3797,schmidtz katze filmkollektiv
3798,mélusine productions
3799,pandora filmproduktion
3800,goldenlight films
3801,michaels/goldwyn
3802,televisie radio omroep stichting (tros)
3803,southern light films
3804,sisterhood productions
3805,gdh 559
3806,senator film produktion gmbh [de]
3807,les films ariane
3808,maverick entertainment
3809,templeheart films
3810,north star pictures
3811,screen nsw
3812,société nouvelle de cinématographie
3813,high arc productions
3814,apeitda
3815,opposite field pictures
3816,edition video france ugc
3817,ingenious senior film fund
3818,mandeville pictures
3819,adam fields productions
3820,de angeles films
3821,monolith pictures
3822,yannix technology corp.
3823,abs-cbn films
3824,taodue
3825,ex nihilo
3826,chez wam
3827,art oko film
3828,joel b. michaels productions
3829,mbst entertainment
3830,lotus entertainment
3831,denizen pictures
3832,prana animation studios
3833,section 23
3834,tvg
3835,lin pictures
3836,ivanhoe pictures
3837,highland film group
3838,cab productions
3839,immortal entertainment
3840,curoholdings
3841,baltimore pictures
3842,shanghai ccn culture &amp; communication co.
3843,philipp filmproduction
3844,alexander/mitchell productions
3845,unity pictures group
3846,imagine entertainment
3847,jtp films
3848,screen australia
3849,arp sélection
3850,fox
3851,directv
3852,asia releasing
3853,stellanova film
3854,partnership films
3855,sierra/affinity
3856,media suits
3857,neue road movies
3858,pacific bay entertainment canada
3859,sogotel
3860,clinica estetico
3861,yellow bird
3862,legendary pictures
3863,film fund fuzz
3864,carolina bank
3865,pony canyon
3866,norsk rikskringkasting
3867,fine point films
3868,troy entertainment
3869,subotica entertainment
3870,trademark films
3871,paramount television
3872,wiseau-films
3873,my theater d.d.
3874,cinepartners entertainment
3875,wrong men north
3876,hamilton-mehta productions
3877,will packer productions
3878,adlabs films
3879,mad max films
3880,annapurna pictures
3881,dox productions ltd
3882,fox 2000 pictures
3883,golden fish pictures
3884,amazon studios/bleecker street media
3885,fried/woods films
3886,liberty films uk
3887,wigram productions
3888,wrigley pictures
3889,oslo pictures
3890,hobby films
3891,frequency films
3892,block/hanson
3893,definition films
3894,france télévision
3895,sc films international
3896,kadokawa
3897,shudder films
3898,provident films
3899,sidus corp.
3900,heller highwater productions
3901,live entertainment
3902,strike entertainment
3903,hartbeat productions
3904,caliber media company
3905,duke media
3906,incendo productions
3907,alameda films
3908,km culture
3909,ares film
3910,tunnel post
3911,counternarrative films
3912,a.i.e.
3913,cartier productions
3914,dragonfly entertainment
3915,pelikulared
3916,wellington films
3917,dog eat dog films
3918,sigma films
3919,constantin film produktion
3920,cinema city &amp; film company
3921,lstar capital
3922,riviera films
3923,warner bros. japan llc
3924,madras talkies
3925,j&amp;m entertainment
3926,nickelodeon animation studios
3927,centre national de la cinématographie
3928,24c prod
3929,media asia films ltd. [hk]
3930,paul schiff
3931,great wight
3932,vanguard films production
3933,pacific data images (pdi)
3934,anglo enterprises
3935,broad green pictures
3936,x-filme creative pool
3937,the orchard
3938,new deal productions
3939,syncopy
3940,remstar productions
3941,videovision entertainment
3942,zhiv
3943,morningside worldwide s.a.
3944,distilled media
3945,tripictures s.a.
3946,encore films
3947,20th century fox animation
3948,unison films
3949,bfc berliner film companie
3950,nouvelles éditions de films [fr]
3951,roadside attractions
3952,aniplex
3953,md pictures
3954,infinity entertainment
3955,amasia entertainment
3956,tv2 norge
3957,filmfour
3958,ghoulardi film company
3959,agi orsi productions
3960,olive bridge entertainment
3961,prescience
3962,kc medien ag
3963,ariane films
3964,blackened
3965,animal logic entertainment
3966,reprisal films
3967,cannon group
3968,blue star pictures
3969,pelican point media
3970,before the door pictures
3971,hyde park entertainment
3972,cosmopolitan film productions
3973,ceská televize
