TagID,TagName
1,slasher & serial killer movies
2,sports dramas
3,canadian comedies
4,indian dramas
5,norwegian thrillers
6,showbiz dramas
7,mind game thrillers
8,k-dramas
9,european thrillers
10,russian tv programmes
11,ominous thrillers
12,romantic tv comedies
13,berlin film festival award-winning movies
14,korean sci-fi & fantasy
15,buddy comedies
16,latin american comedies
17,children & family films
18,horror anime
19,mexican comedies
20,family watch together tv
21,international lgbtq movies
22,romantic dramas
23,classic dramas
24,modern classics
25,romantic anime
26,tv thrillers
27,crime tv soaps
28,marathi-language films
29,anime sci-fi & fantasy
30,programas de tv y series
31,indian programmes
32,thai dramas
33,films for ages 11 to 12
34,award-winning films
35,classic horror films
36,bengali-language movies
37,comic book and superhero films
38,food & wine
39,korean movies
40,tv comedies
41,films for ages 8 to 10
42,singaporean movies
43,quirky romance
44,russian
45,asian action movies
46,romantic films based on a book
47,polish dramas
48,period pieces based on books
49,award-winning dramas
50,thai movies
51,lgbtq films
52,cult tv programmes
53,acción y aventuras militares
54,cult horror movies
55,venice film festival award-winning movies
56,norwegian comedies
57,anime comedies
58,dutch dramas
59,new zealand tv shows
60,steamy thrillers
61,romantic british films
62,hindi-language films
63,colombian tv programmes
64,international kids tv
65,crime action
66,tv sci-fi & fantasy
67,belgian films
68,crime films based on real life
69,bengali-language films
70,sports documentaries
71,sci-fi tv
72,biographical movies
73,thai horror movies
74,movies for ages 8 to 10
75,historical anime
76,teen dramas
77,crime tv shows
78,tv sketch comedies
79,teen tv dramas
80,critically acclaimed films
81,polish thrillers
82,politically incorrect stand-up comedy
83,romantic international movies
84,acción y aventuras
85,romantic british movies
86,blue dragon film award-winning movies
87,sci-fi horror films
88,dutch movies
89,romantic gay & lesbian films
90,wwii films
91,gory horror movies
92,martial arts films
93,seinen anime
94,movies for ages 3 to 4
95,australian dramas
96,monster films
97,family cozy time
98,disney musicals
99,anime based on books
100,british tv programmes
101,variety & talk shows
102,comedias adolescentes
103,travel & adventure reality tv
104,dutch comedies
105,french movies
106,latin american documentaries
107,middle eastern tv programmes
108,baseball films
109,hong kong films
110,action sci-fi & fantasy
111,polish comedies
112,hungarian movies
113,20th century period pieces
114,cult comedies
115,israeli tv dramas
116,little kids
117,scandinavian crime films
118,police tv shows
119,french documentaries
120,critically-acclaimed dramas
121,foreign action & adventure
122,critically acclaimed comedies
123,historical movies
124,steamy romance
125,country & western/folk
126,kids&#39; music
127,norwegian dramas
128,anime based on comics
129,romantic lgbtq movies
130,romantic international tv shows
131,spanish-language tv shows
132,anime fantasy
133,teen tv programmes
134,romantic independent movies
135,music & musicals
136,norwegian films
137,reggae
138,tv para niños
139,turkish tv shows
140,african movies
141,award-winning tv shows
142,gory horror films
143,thrillers
144,heist action & adventure
145,berlin international film festival award-winning movies
146,movies for ages 11 to 12
147,classic japanese movies
148,thrillers based on books
149,historical dramas
150,faith & spirituality movies
151,talk shows
152,music and concert movies
153,nature & ecology tv documentaries
154,canadian movies
155,us sci-fi adventure
156,tv-serier
157,anime features
158,indian musicals
159,anime
160,海外コメディ
161,military & war action & adventure
162,classic sci-fi & fantasy
163,international thrillers
164,urban & dance
165,international horror movies
166,film noir
167,dance
168,gangster movies
169,sports tv programmes
170,sci-fi dramas
171,scandinavian dramas
172,british miniseries
173,dibujos animados
174,award-winning movies
175,argentinian dramas
176,brazilian music and concert movies
177,drama anime
178,crime action & adventure
179,tv variety & talk shows
180,anime based on a video game
181,chinese tv series
182,russian movies
183,blockbuster action & adventure
184,international sci-fi & fantasy
185,comedy blockbusters
186,critically-acclaimed movies
187,rock & pop
188,israeli tv shows
189,ロマンチックコメディ
190,us police tv shows
191,scandinavian tv shows
192,indian films
193,brazilian tv programmes
194,nordic thrillers
195,biographical documentaries
196,japanese comedies
197,tv soaps featuring a strong female lead
198,sci-fi adventure
199,latin music
200,gay & lesbian dramas
201,alien sci-fi
202,dramas
203,fantasy tv shows
204,family sci-fi & fantasy
205,turkish films
206,british period pieces
207,deep sea horror films
208,academy award-winning films
209,irish tv shows
210,pakistani films
211,anime released in 2017
212,israeli movies
213,thrillers based on a book
214,thai action & adventure
215,danish films
216,french
217,tear-jerking romantic movies
218,british tv comedies
219,crime tv documentaries
220,education & guidance
221,ambientadas en otra época
222,variety tv
223,tegnefilmserier
224,music
225,teen programmes
226,dramas based on real life
227,korean tv shows based on books
228,spy action & adventure
229,japanese dramas
230,comedies
231,classic children & family movies
232,international tv shows
233,social issue tv dramas
234,anime released in 2018
235,independent thrillers
236,canadian films
237,hard rock & heavy metal
238,japanese tv thrillers
239,independent action & adventure
240,malaysian movies
241,gay & lesbian comedies
242,swedish movies
243,italian movies
244,westerns
245,marathi-language movies
246,filmfare award-winning movies
247,indian movies
248,crime programmes
249,scandinavian crime movies
250,satanic stories
251,tv shows based on comics
252,b-horror movies
253,chilean movies
254,satires
255,australian films
256,inspirational music
257,international comedies
258,action & adventure
259,romanian movies
260,spanish movies
261,classic action & adventure
262,scandinavian thrillers
263,japanese gourmet tv shows
264,european dramas
265,music & concert documentaries
266,horror movies
267,classic films
268,science & nature tv
269,psychological horror films
270,romance programmes
271,scandinavian movies
272,films for ages 5 to 7
273,latin american films
274,sports anime
275,boxing films
276,eastern european movies
277,tv action & adventure
278,spanish comedies
279,psychological thrillers
280,youth drama
281,goofy comedies
282,blockbuster western movies
283,religious documentaries
284,basketball films
285,german crime movies
286,action
287,supernatural horror films
288,retro anime
289,slasher and serial killer films
290,international tv sci-fi & fantasy
291,chinese movies
292,classic children & family films
293,australian tv shows
294,science & technology tv documentaries
295,anime released in 2016
296,korean films
297,turkish comedies
298,science & technology documentaries
299,chilean tv shows
300,international period pieces
301,national film award-winning movies
302,horror comedies
303,british tv shows
304,romantic dutch movies
305,classic tv programmes
306,taiwanese movies
307,raunchy comedies
308,action movies
309,family animation
310,us tv dramas
311,european comedies
312,absurd comedies
313,indian comedies
314,disney
315,fantasy tv programmes
316,irish films
317,filipino films
318,australian tv programmes
319,japanese kids&#39; tv
320,british tv sketch comedies
321,reality tv
322,norwegian movies
323,malaysian programmes
324,romantic foreign films
325,tv soaps
326,punjabi-language films
327,romantic turkish movies
328,urban & dance concerts
329,classic british films
330,business documentaries
331,crime documentaries
332,food & travel tv
333,movies based on books
334,japanese movies
335,tamil-language films
336,rock & pop concerts
337,scary halloween favourites
338,french tv programmes
339,critically-acclaimed independent movies
340,historical documentaries
341,german tv shows
342,makeover reality tv
343,malayalam-language movies
344,historical tv shows
345,police movies
346,classic romantic movies
347,pakistani movies
348,greek movies
349,cult horror films
350,romantic independent films
351,swiss movies
352,oscar-winning films
353,korean tv programmes based on webtoon
354,british programmes
355,social & cultural documentaries
356,kids&#39; anime
357,spanish
358,romantic favourites
359,drama programmes
360,sci-fi & fantasy anime
361,anime based on light novels
362,shounen anime
363,belgian movies
364,kids tv for ages 0 to 2
365,courtroom dramas
366,lgbtq movies
367,canadian tv shows
368,thai tv shows
369,irreverent stand-up comedy
370,british films
371,thriller & horror anime
372,docuseries
373,crime movies
374,middle-eastern films
375,italian films
376,korean tv comedies
377,miniseries
378,anime action films
379,african-american dramas
380,talk & variety shows
381,tearjerkers
382,american programmes
383,shoujo anime
384,blockbuster action
385,zombie horror movies
386,kids&#39; tv
387,anime feature films
388,japanese youth tv dramas
389,korean tv dramas
390,korean drama movies
391,chilean movies & tv
392,classic thrillers
393,showbiz musicals
394,military dramas
395,japanese gangster movies
396,european movies
397,international films
398,political thrillers
399,japanese tv shows based on comics
400,german films
401,us tv shows
402,tv documentaries
403,telugu-language movies
404,military documentaries
405,italian comedies
406,dutch children & family movies
407,social issue dramas
408,horror films
409,romantic swedish movies
410,critically-acclaimed canadian movies
411,romantic movies
412,preisgekrönte dramen
413,family comedies
414,finnish tv shows
415,wine & beverage appreciation
416,japanese youth dramas
417,family feature animation
418,us action
419,blue-collar stand-up comedy
420,classic war films
421,mystery programmes
422,competition reality tv
423,international dramas
424,20th-century period pieces
425,tv animated comedies
426,political documentaries
427,modern classic movies
428,teen tv shows
429,fantasy anime
430,us tv programmes
431,russian tv shows
432,holiday favorites
433,international tv comedies
434,romantic comedy anime
435,danish movies
436,political comedies
437,nan
438,supernatural horror movies
439,werewolf horror movies
440,police mysteries
441,dramas basados en la vida real
442,cyborg & robot anime
443,french dramas
444,japanese tv comedies
445,superheroes
446,us tv documentaries
447,courtroom tv dramas
448,latin american dramas
449,japanese documentary movies
450,critically-acclaimed independent films
451,movies based on childrens books
452,art house movies
453,musicals
454,japanese programmes
455,teen comedies
456,international action & adventure
457,slapstick comedies
458,critically-acclaimed sci-fi & fantasy
459,family features
460,military & war anime
461,japanese tv dramas
462,nature & ecology documentaries
463,tv programmes based on books
464,british tv dramas
465,danish dramas
466,police action & adventure
467,adventures
468,brazilian documentaries
469,japanese horror films
470,lgbtq dramas
471,mexican dramas
472,sci-fi anime
473,rockumentaries
474,social & cultural docs
475,vampire films
476,international reality
477,spanish tv shows
478,korean tv shows based on comics
479,children & family movies
480,tv dramas based on comics
481,chinese films
482,reality programmes
483,french tv shows
484,films for ages 2 to 4
485,ヒューマンドラマ
486,mexican films
487,classic romantic films
488,horror comedy
489,south african movies
490,anime horror films
491,blockbuster sci-fi & fantasy
492,crime comedies
493,football movies
494,african-american comedies
495,action comedies
496,finnish movies
497,action anime
498,canadian dramas
499,documentary programmes
500,romantic lgbtq films
501,japanese academy award-winning movies
502,argentinian tv shows
503,tv comedy dramas
504,female stand-up comedy
505,海外映画
506,political tv documentaries
507,latino stand-up comedy
508,romantic tv dramas
509,police detective movies
510,japanese films
511,películas románticas
512,basketball movies
513,rap & hip-hop
514,japanese tv documentaries
515,italian dramas
516,youth movies
517,comic book & superhero tv
518,camp films
519,danish tv shows
520,german tv programmes
521,romantic fantasy tv
522,british
523,anime dramas
524,mysteries
525,japanese sci-fi & fantasy
526,nordic comedies
527,festive favourites
528,critically-acclaimed documentaries
529,romantic mexican films
530,hong kong movies
531,thai tv programmes
532,comedias de culto
533,brazilian dramas
534,scandinavian films
535,sports tv shows
536,reality
537,home & garden tv shows
538,mexican movies
539,asian movies
540,taiwanese tv shows
541,chinese comedies
542,tv dramedies
543,african-american stand-up comedy
544,action thrillers
545,classic westerns
546,swedish films
547,disney films
548,international animation
549,heist films
550,vietnamese films
551,lifestyle
552,sitcoms
553,romantic french films
554,films for ages 0 to 2
555,lgbtq tv programmes
556,anime fantasies
557,british dramas
558,spanish tv programmes
559,korean reality
560,middle eastern movies
561,norwegian tv
562,wedding & romance reality tv
563,filipino tv shows
564,tv variety & chat shows
565,b-horror films
566,latin american police tv shows
567,romances de siempre
568,vampire movies
569,lgbtq comedies
570,colombian tv shows
571,foreign thrillers
572,laugh-out-loud comedies
573,indonesian films
574,adult animation
575,us horror movies
576,tv programmes
577,ロマンチックなヒューマンドラマ
578,martial arts movies
579,malaysian tv shows
580,independent dramas
581,dramen
582,steamy romantic films
583,stage musicals
584,barne-tv
585,soccer movies
586,japanese kids tv
587,spanish films
588,thriller movies
589,korean horror movies
590,heist movies
591,dark comedies
592,singaporean tv shows
593,romantic korean movies
594,steamy romantic movies
595,asian programmes
596,african films
597,nordic tv shows
598,east asian movies
599,japanese thrillers
600,sci-fi thrillers
601,german dramas
602,tv dramas
603,romantic italian movies
604,special interest
605,deep sea horror movies
606,wacky comedies
607,hindi-language tv programmes
608,bollywood movies
609,crime tv programmes
610,eastern european films
611,cult films
612,swedish tv shows
613,educación y orientación
614,blockbuster comedies
615,hollywood movies
616,romantic tv programmes
617,german documentaries
618,action & adventure programmes
619,chilling horror movies
620,boxing & wrestling
621,spiritual documentaries
622,kids’ programmes
623,german comedies
624,dramas based on a book
625,animation
626,political dramas
627,ラブロマンス
628,australian movies
629,sports comedies
630,martial arts
631,thai comedies
632,chinese tv shows
633,spanish horror movies
634,romantic japanese films
635,teen screams
636,chinese  programmes
637,world music
638,the most powerful anime characters
639,us tv comedies
640,independent films
641,romantic movies based on books
642,military & war dramas
643,hindi-language tv shows
644,french films
645,nordic crime movies
646,dutch films
647,preisgekrönte filme
648,films based on childrens books
649,nordic dramas
650,tv programmes based on manga
651,critically acclaimed dramas
652,kids faith & spirituality
653,polish films
654,talking-animal kids tv
655,period pieces
656,romantic french movies
657,baseball movies
658,argentinian comedies
659,asian action films
660,anime action
661,argentinian movies
662,us movies
663,mockumentaries
664,true crime documentaries
665,jazz & easy listening
666,spanish horror films
667,latino comedies
668,romantic favorites
669,german movies
670,scandinavian tv
671,screwball comedies
672,filipino movies
673,dance non-fiction
674,scandinavian comedies
675,romantic nordic movies
676,critically-acclaimed action & adventure
677,anime sci-fi
678,bafta award-winning films
679,japanese tv films
680,dramas based on contemporary literature
681,japanese action & adventure
682,talk shows & stand-up comedy
683,political tv programmes
684,romantic korean tv shows
685,world music concerts
686,police dramas
687,cyberpunk
688,british crime movies
689,japanese criminal investigation movies
690,scandinavian independent movies
691,anime for gamers
692,mainland chinese movies
693,kids tv for ages 8 to 10
694,owarai & variety shows
695,international military movies
696,japanese tv reality & variety
697,gay & lesbian documentaries
698,japanese horror movies
699,goya award-winning movies
700,singaporean programmes
701,kannada movies & tv
702,comedias
703,lgbtq tv shows
704,music and concert films
705,spy thrillers
706,teen romance
707,british horror films
708,turkish dramas
709,danish comedies
710,australian documentaries
711,romantic tv shows
712,australian comedies
713,kids tv for ages 5 to 7
714,kids tv
715,us thrillers
716,latin american tv shows
717,thriller anime
718,biographical dramas
719,polish movies
720,mystery & thriller anime
721,mainland chinese tv shows
722,teen sci-fi
723,dramas románticos
724,international programmes
725,korean thrillers
726,psychological horror movies
727,sci-fi
728,creature features
729,monster movies
730,faith & spirituality films
731,showbiz documentaries
732,egyptian tv shows
733,international tv thrillers & mysteries
734,foreign comedies
735,dramas políticos
736,movies for ages 2 to 4
737,concerts
738,animated movies
739,tv shows
740,korean comedies
741,stand-up & chat shows
742,chilean films
743,hip-hop
744,wwii movies
745,baeksang arts awards winners
746,thai thrillers
747,canadian tv programmes
748,tv shows based on books
749,science & nature docs
750,colombian movies
751,hindi-language movies
752,werewolf horror films
753,european tv shows
754,norwegian crime movies
755,latin american movies
756,french thrillers
757,crime tv dramas
758,historias de animales
759,art house films
760,classical music
761,silent films
762,tv shows based on manga
763,middle eastern tv shows
764,nollywood movies
765,gangster action & adventure
766,fantasy
767,romance anime
768,investigative reality tv
769,crime docuseries
770,brazilian comedies
771,canadian independent films
772,british movies
773,austrian movies
774,anime movies
775,classic comedies
776,brazilian music & musicals
777,family dramas
778,critically-acclaimed canadian films
779,campy movies
780,korean tv thrillers & mysteries
781,romantic films
782,anime series
783,animal tales
784,korean action & adventure
785,movies for ages 5 to 7
786,tv cartoons
787,theatre arts
788,bollywood films
789,malaysian films
790,dramas militares
791,blockbuster movies
792,kids tv for ages 11 to 12
793,italian tv programmes
794,romantic japanese movies
795,british crime films
796,latin american tv programmes
797,nordic children & family movies
798,vietnamese movies
799,urdu films
800,zombie horror films
801,polish tv programmes
802,mexican tv programmes
803,romantic japanese tv shows
804,korean tv programmes
805,movies for ages 0 to 2
806,british horror movies
807,visually-striking sci-fi & fantasy
808,gay & lesbian films
809,polish tv shows
810,experimental films
811,tv mysteries
812,dutch tv shows
813,vampire horror films
814,sports & fitness
815,independent comedies
816,indonesian movies
817,martial arts anime
818,south african tv shows
819,horror programmes
820,dramas based on classic literature
821,korean dramas
822,classic war movies
823,critically-acclaimed comedies
824,sci-fi & fantasy
825,telugu-language films
826,classic international movies
827,malayalam-language films
828,silent movies
829,comedy programmes
830,japanese period dramas
831,romantic european movies
832,military action & adventure
833,cannes film festival award-winning movies
834,spoofs & satires
835,nordic action & adventure
836,romantic tv soaps
837,pop
838,french comedies
839,historical tv programmes
840,japanese tv sci-fi & fantasy
841,romantic comedies
842,classic musicals
843,british action & adventure
844,golden globe award-winning films
845,documentary films
846,political tv shows
847,southeast asian movies
848,theater arts
849,thriller programmes
850,supernatural thrillers
851,late night comedies
852,the beautiful game
853,sci-fi & fantasy programmes
854,youth drama movies
855,gay & lesbian movies
856,dramas biográficos
857,crime dramas
858,teen movies
859,oscar-winning movies
860,south african films
861,spanish thrillers
862,romantic tearjerkers
863,romantic foreign movies
864,egyptian movies
865,soccer non-fiction
866,romantic indian movies
867,sci-fi horror movies
868,canadian documentaries
869,kids music
870,halloween favourites
871,swedish tv programmes
872,spanish dramas
873,israeli films
874,education for kids
875,international tv action & adventure
876,tv teen dramas
877,british comedies
878,brazilian movies
879,crime thrillers
880,fantasy movies
881,mexican tv shows
882,international tv dramas
883,turkish movies
884,vampire horror movies
885,football films
886,epics
887,punjabi-language movies
888,japanese tv shows
889,kids anime
890,urdu-language movies
891,crime movies based on real life
892,mexican music & musicals
893,japanese tv series
894,critically acclaimed movies
895,boxing movies
896,little kids tv
897,internationale filme
898,kids tv for ages 2 to 4
899,argentinian films
900,anime sci-fi films
901,stand-up comedy & talk shows
902,海外ラブロマンス
903,tokusatsu heroes
904,czech movies
905,slice of life anime
906,gangster films
907,comic book and superhero movies
908,lgbtq documentaries
909,independent movies
910,chilling horror films
911,tamil-language movies
912,romantic chinese tv shows
913,indian thrillers
914,movies based on real life
915,asian tv shows
916,romantic danish movies
917,コメディ
918,cult movies
919,films based on real life
920,romantic youth drama
921,thai horror films
922,swedish dramas
923,italian tv shows
924,military tv programmes
925,sports movies
926,steamy dramas
927,thai films
928,science & nature documentaries
929,taiwanese tv programmes
930,nordic movies
931,international documentaries
932,chinese action & adventure
933,irish tv programmes
934,experimental movies
935,italian thrillers
936,tv horror
937,brazilian films
938,indian tv shows
939,police thrillers
940,classic movies
941,brazilian tv shows
942,time travel sci-fi & fantasy
943,films based on books
944,slasher and serial killer movies
945,cannes film festival winners
946,teen films
947,mecha & cyborg anime
948,chinese dramas
949,military & war movies
950,crime films
951,romantic italian films
952,peruvian movies
953,japanese movies based on comics
954,chilean films & tv
955,irish movies
956,danish crime movies
957,stand-up comedy
958,nollywood films
959,international movies
960,海外ヒューマンドラマ
961,new zealand films
962,international historical tv dramas
963,k-dramas based on webtoon
964,british tv mysteries
965,nollywood
966,variety entertainment
967,home & garden reality tv
968,travel & adventure documentaries
969,korean tv shows
970,school anime
971,family adventures
972,faith & spirituality
973,japanese tv programmes
974,sports films
975,latin american music & musicals
976,british thrillers
977,cult sci-fi & fantasy
978,golden globe award-winning movies
979,critically-acclaimed films
980,medical tv dramas
981,korean programmes
982,disney movies
983,comedias románticas
984,documentaries
985,swedish comedies
986,dramas based on books
987,comedy anime
988,futuristic sci-fi
989,polish action & adventure
